Workbook

Sheet Raw
A1: Own a smart phone_Yes-iPhone (iApple/iOS) | B1: Own a smart phone_Yes-Android (Samsung Galaxy, Google Pixel, OnePlus, Motorola, Nokia) | C1: Own a smart phone_Yes, some other smartphone (please provide) | D1: Own a smart phone_No | E1: Smartphone for activity tracking_No | F1: Smartphone for activity tracking_Fitness and workout monitoring (heart rate, step tracking, jogging, etc.) | G1: Smartphone for activity tracking_Health tracking (blood oxygen, heart rhythm, women's health such as ovulation tracking, etc.) | H1: Smartphone for activity tracking_Sleep monitoring (sleep duration, sleep quality, etc.) | I1: Smartphone for activity tracking_Other activity tracking (please describe) | J1: Weekdays smartphone activity tracked | K1: Weekends smartphone activity tracked | L1: Wearable device ownership_None | M1: Wearable device ownership_Fitbit | N1: Wearable device ownership_Apple Watch | O1: Wearable device ownership_Garmin | P1: Wearable device ownership_Samsung | Q1: Wearable device ownership_Other | R1: Reasons for not owning wearable devices_I want one, I just don't have one yet | S1: Reasons for not owning wearable devices_No particular reason | T1: Reasons for not owning wearable devices_Too expensive | U1: Reasons for not owning wearable devices_Too hard to read | V1: Reasons for not owning wearable devices_Don't trust that they work correctly | W1: Reasons for not owning wearable devices_Don't know enough about them | X1: Reasons for not owning wearable devices_Not interested in tracking | Y1: Reasons for not owning wearable devices_Privacy reasons | Z1: Reasons for not owning wearable devices_Some other reason not listed (please provide) | AA1: Wearable device usage by reason_Apps (social media, news, etc.) | AB1: Wearable device usage by reason_Fitness and workout monitoring (heart rate, step tracking, jogging, etc.) | AC1: Wearable device usage by reason_Sleep monitoring (sleep duration, sleep quality, etc.) | AD1: Wearable device usage by reason_Health tracking (blood oxygen, heart rhythm, women's health such as ovulation tracking, etc.) | AE1: Wearable device usage by reason_Phone calls, emails, texting | AF1: Wearable device usage by reason_Music, audiobooks, or podcasts | AG1: Wearable device usage by reason_Navigation (GPS) | AH1: Wearable device usage by reason_Wear for fashion | AI1: Weekdays wearable device worn | AJ1: Weekends wearable device worn | AK1: Time of day wearable device worn | AL1: Highest level of education | AM1: Interest in future research opportunities | AN1: Types of activities comfortable sharing _Health tracking (blood oxygen, heart rhythm, women's health such as ovulation tracking, etc.) | AO1: Types of activities comfortable sharing _Fitness and workout monitoring (heart rate, step tracking, jogging, etc.) | AP1: Types of activities comfortable sharing _Sleep monitoring (sleep duration, sleep quality, etc.) | AQ1: Types of activities comfortable sharing _Self-reported measures from health and fitness apps (mindfulness and mood, water intake, food logs, women's health, etc.) | AR1: Employment Status | AS1: Gender | AT1: Highest level of education_0 | AU1: Race / Ethnicity_Black or African American | AV1: Race / Ethnicity_Asian or Asian American | AW1: Race / Ethnicity_Hispanic | AX1: Race / Ethnicity_White or Caucasian | AY1: Race / Ethnicity - Other | AZ1: generation_age_group
A2: 0 | B2: 1 | C2: 0 | D2: 0 | E2: 1 | F2: 0 | G2: 0 | H2: 0 | I2: 0 | L2: 1 | M2: 0 | N2: 0 | O2: 0 | P2: 0 | Q2: 0 | R2: 0 | S2: 1 | T2: 0 | U2: 0 | V2: 0 | W2: 0 | X2: 0 | Y2: 0 | Z2: 0 | AL2: Graduate degree | AM2: No | AR2: Employed full-time | AS2: Female | AT2: Graduate degree | AU2: 0 | AV2: 0 | AW2: 0 | AX2: 1 | AY2: 0 | AZ2: 42_57
A3: 1 | B3: 0 | C3: 0 | D3: 0 | E3: 0 | F3: 1 | G3: 0 | H3: 0 | I3: 0 | J3: Varies from week to week | K3: Varies from weekend to weekend | L3: 0 | M3: 0 | N3: 1 | O3: 0 | P3: 0 | Q3: 0 | AA3: Secondary reason | AB3: Main reason | AC3: Not a reason | AD3: Secondary reason | AE3: Main reason | AF3: Not a reason | AG3: Not a reason | AH3: Not a reason | AI3: Varies from week to week | AJ3: Varies from weekend to weekend | AK3: Daytime only | AL3: Graduate degree | AM3: Maybe | AN3: Maybe | AO3: Yes | AP3: Maybe | AQ3: Maybe | AR3: Employed full-time | AS3: Female | AT3: Graduate degree | AU3: 0 | AV3: 0 | AW3: 0 | AX3: 1 | AY3: 0 | AZ3: 42_57
A4: 1 | B4: 0 | C4: 0 | D4: 0 | E4: 0 | F4: 1 | G4: 1 | H4: 1 | I4: 0 | J4: All weekdays | K4: Both Saturday and Sunday | L4: 0 | M4: 0 | N4: 1 | O4: 0 | P4: 0 | Q4: 0 | AA4: Not a reason | AB4: Main reason | AC4: Secondary reason | AD4: Secondary reason | AE4: Main reason | AF4: Not a reason | AG4: Not applicable to my device(s) | AH4: Secondary reason | AI4: All weekdays | AJ4: Both Saturday and Sunday | AK4: Daytime only | AL4: Graduate degree | AM4: Yes | AN4: Yes | AO4: Yes | AP4: Maybe | AQ4: Yes | AR4: Employed full-time | AS4: Male | AT4: Graduate degree | AU4: 1 | AV4: 0 | AW4: 0 | AX4: 0 | AY4: 0 | AZ4: 26_41
A5: 1 | B5: 0 | C5: 0 | D5: 0 | E5: 0 | F5: 0 | G5: 0 | H5: 0 | I5: 1 | J5: Varies from week to week | K5: Varies from weekend to weekend | L5: 1 | M5: 0 | N5: 0 | O5: 0 | P5: 0 | Q5: 0 | R5: 0 | S5: 1 | T5: 0 | U5: 0 | V5: 0 | W5: 0 | X5: 0 | Y5: 0 | Z5: 0 | AL5: Some college but no degree | AM5: Yes | AN5: Yes | AO5: Yes | AP5: Yes | AQ5: Maybe | AR5: Retired, not looking for work | AS5: Male | AT5: Some college but no degree | AU5: 1 | AV5: 0 | AW5: 0 | AX5: 0 | AY5: 0 | AZ5: 58_76
A6: 1 | B6: 0 | C6: 0 | D6: 0 | E6: 0 | F6: 1 | G6: 0 | H6: 1 | I6: 0 | J6: All weekdays | K6: Both Saturday and Sunday | L6: 0 | M6: 0 | N6: 1 | O6: 0 | P6: 0 | Q6: 0 | AA6: Not a reason | AB6: Main reason | AC6: Secondary reason | AD6: Secondary reason | AE6: Secondary reason | AF6: Secondary reason | AG6: Secondary reason | AH6: Secondary reason | AI6: All weekdays | AJ6: Both Saturday and Sunday | AK6: Always (day and night) | AL6: Graduate degree | AM6: Maybe | AN6: No | AO6: Yes | AP6: Yes | AQ6: No | AR6: Disabled, not able to work | AS6: Female | AT6: Graduate degree | AU6: 0 | AV6: 0 | AW6: 0 | AX6: 1 | AY6: 0 | AZ6: 58_76
A7: 1 | B7: 0 | C7: 0 | D7: 0 | E7: 0 | F7: 1 | G7: 0 | H7: 0 | I7: 0 | J7: All weekdays | K7: Both Saturday and Sunday | L7: 0 | M7: 1 | N7: 0 | O7: 0 | P7: 0 | Q7: 0 | AA7: Not applicable to my device(s) | AB7: Main reason | AC7: Secondary reason | AD7: Main reason | AE7: Not a reason | AF7: Not applicable to my device(s) | AG7: Not applicable to my device(s) | AH7: Not a reason | AI7: All weekdays | AJ7: Both Saturday and Sunday | AK7: Always (day and night) | AL7: Graduate degree | AM7: Maybe | AN7: No | AO7: Yes | AP7: Yes | AQ7: Maybe | AR7: Retired, not looking for work | AS7: Female | AT7: Graduate degree | AU7: 0 | AV7: 0 | AW7: 0 | AX7: 1 | AY7: 0 | AZ7: 58_76
A8: 0 | B8: 1 | C8: 0 | D8: 0 | E8: 0 | F8: 0 | G8: 0 | H8: 0 | I8: 1 | J8: Varies from week to week | K8: Varies from weekend to weekend | L8: 1 | M8: 0 | N8: 0 | O8: 0 | P8: 0 | Q8: 0 | R8: 0 | S8: 0 | T8: 0 | U8: 0 | V8: 0 | W8: 0 | X8: 0 | Y8: 0 | Z8: 1 | AL8: Some college but no degree | AM8: No | AR8: Disabled, not able to work | AS8: Female | AT8: Some college but no degree | AU8: 0 | AV8: 0 | AW8: 0 | AX8: 1 | AY8: 0 | AZ8: 58_76
A9: 1 | B9: 0 | C9: 0 | D9: 0 | E9: 0 | F9: 1 | G9: 0 | H9: 1 | I9: 0 | J9: All weekdays | K9: Both Saturday and Sunday | L9: 0 | M9: 1 | N9: 0 | O9: 0 | P9: 0 | Q9: 0 | AA9: Not a reason | AB9: Main reason | AC9: Secondary reason | AD9: Not a reason | AE9: Not a reason | AF9: Not a reason | AG9: Not applicable to my device(s) | AH9: Not a reason | AI9: All weekdays | AJ9: Both Saturday and Sunday | AK9: Always (day and night) | AL9: College graduate | AM9: Maybe | AN9: Maybe | AO9: Yes | AP9: Yes | AQ9: No | AR9: Employed part-time | AS9: Female | AT9: College graduate | AU9: 0 | AV9: 0 | AW9: 0 | AX9: 1 | AY9: 0 | AZ9: 58_76
A10: 1 | B10: 0 | C10: 0 | D10: 0 | E10: 1 | F10: 0 | G10: 0 | H10: 0 | I10: 0 | L10: 1 | M10: 0 | N10: 0 | O10: 0 | P10: 0 | Q10: 0 | R10: 1 | S10: 0 | T10: 0 | U10: 0 | V10: 0 | W10: 0 | X10: 0 | Y10: 0 | Z10: 0 | AL10: College graduate | AM10: Yes | AN10: Yes | AO10: Yes | AP10: Yes | AQ10: Maybe | AR10: Employed part-time | AS10: Female | AT10: College graduate | AU10: 0 | AV10: 0 | AW10: 0 | AX10: 1 | AY10: 0 | AZ10: 42_57
A11: 1 | B11: 0 | C11: 0 | D11: 0 | E11: 1 | F11: 0 | G11: 0 | H11: 0 | I11: 0 | L11: 1 | M11: 0 | N11: 0 | O11: 0 | P11: 0 | Q11: 0 | R11: 0 | S11: 0 | T11: 1 | U11: 0 | V11: 0 | W11: 0 | X11: 0 | Y11: 0 | Z11: 0 | AL11: Graduate degree | AM11: Yes | AN11: Yes | AO11: Maybe | AP11: Yes | AQ11: Yes | AR11: Not employed, but looking for work | AS11: Female | AT11: Graduate degree | AU11: 0 | AV11: 1 | AW11: 0 | AX11: 0 | AY11: 0 | AZ11: 42_57
A12: 0 | B12: 1 | C12: 0 | D12: 0 | E12: 0 | F12: 0 | G12: 0 | H12: 0 | I12: 1 | J12: Varies from week to week | K12: Varies from weekend to weekend | L12: 0 | M12: 0 | N12: 0 | O12: 0 | P12: 1 | Q12: 1 | AA12: Secondary reason | AB12: Secondary reason | AC12: Not applicable to my device(s) | AD12: Not a reason | AE12: Main reason | AF12: Not applicable to my device(s) | AG12: Secondary reason | AH12: Secondary reason | AI12: All weekdays | AJ12: Both Saturday and Sunday | AK12: Irregular times (no set times) | AL12: Some college but no degree | AM12: Yes | AN12: Yes | AO12: Yes | AP12: Yes | AQ12: Yes | AR12: Disabled, not able to work | AS12: Female | AT12: Some college but no degree | AU12: 1 | AV12: 0 | AW12: 0 | AX12: 0 | AY12: 0 | AZ12: 42_57
A13: 0 | B13: 1 | C13: 0 | D13: 0 | E13: 0 | F13: 1 | G13: 0 | H13: 1 | I13: 0 | J13: All weekdays | K13: Both Saturday and Sunday | L13: 0 | M13: 1 | N13: 0 | O13: 1 | P13: 0 | Q13: 0 | AA13: Not a reason | AB13: Main reason | AC13: Secondary reason | AD13: Secondary reason | AE13: Not a reason | AF13: Not a reason | AG13: Secondary reason | AH13: Not a reason | AI13: All weekdays | AJ13: Both Saturday and Sunday | AK13: Always (day and night) | AL13: Graduate degree | AM13: Yes | AN13: Yes | AO13: Yes | AP13: Yes | AQ13: No | AR13: Employed full-time | AS13: Female | AT13: Graduate degree | AU13: 0 | AV13: 0 | AW13: 0 | AX13: 1 | AY13: 0 | AZ13: 42_57
A14: 1 | B14: 0 | C14: 0 | D14: 0 | E14: 0 | F14: 1 | G14: 0 | H14: 0 | I14: 0 | J14: All weekdays | K14: Both Saturday and Sunday | L14: 0 | M14: 1 | N14: 0 | O14: 0 | P14: 0 | Q14: 0 | AA14: Not applicable to my device(s) | AB14: Main reason | AC14: Secondary reason | AD14: Secondary reason | AE14: Not applicable to my device(s) | AF14: Not applicable to my device(s) | AG14: Not a reason | AH14: Not a reason | AI14: All weekdays | AJ14: Both Saturday and Sunday | AK14: Daytime only | AL14: College graduate | AM14: Yes | AN14: Yes | AO14: Yes | AP14: Maybe | AQ14: Yes | AR14: Employed full-time | AS14: Female | AT14: College graduate | AU14: 0 | AV14: 0 | AW14: 0 | AX14: 1 | AY14: 0 | AZ14: 58_76
A15: 1 | B15: 0 | C15: 0 | D15: 0 | E15: 0 | F15: 1 | G15: 1 | H15: 0 | I15: 0 | J15: All weekdays | K15: Varies from weekend to weekend | L15: 0 | M15: 0 | N15: 1 | O15: 0 | P15: 0 | Q15: 0 | AA15: Secondary reason | AB15: Secondary reason | AC15: Not a reason | AD15: Secondary reason | AE15: Main reason | AF15: Secondary reason | AG15: Secondary reason | AH15: Not a reason | AI15: All weekdays | AJ15: Varies from weekend to weekend | AK15: Daytime only | AL15: Graduate degree | AM15: Yes | AN15: Yes | AO15: Yes | AP15: Maybe | AQ15: Yes | AR15: Employed full-time | AS15: Female | AT15: Graduate degree | AU15: 0 | AV15: 0 | AW15: 0 | AX15: 0 | AY15: 1 | AZ15: 42_57
A16: 1 | B16: 0 | C16: 0 | D16: 0 | E16: 0 | F16: 1 | G16: 1 | H16: 0 | I16: 0 | J16: All weekdays | K16: Both Saturday and Sunday | L16: 0 | M16: 0 | N16: 1 | O16: 0 | P16: 0 | Q16: 0 | AA16: Secondary reason | AB16: Main reason | AC16: Not a reason | AD16: Main reason | AE16: Main reason | AF16: Secondary reason | AG16: Main reason | AH16: Secondary reason | AI16: All weekdays | AJ16: Both Saturday and Sunday | AK16: Always (day and night) | AL16: Some college but no degree | AM16: Yes | AN16: Yes | AO16: Yes | AP16: Maybe | AQ16: Yes | AR16: Retired, not looking for work | AS16: Female | AT16: Some college but no degree | AU16: 0 | AV16: 0 | AW16: 0 | AX16: 1 | AY16: 0 | AZ16: 42_57
A17: 1 | B17: 0 | C17: 0 | D17: 0 | E17: 0 | F17: 1 | G17: 0 | H17: 1 | I17: 0 | J17: All weekdays | K17: Both Saturday and Sunday | L17: 0 | M17: 1 | N17: 0 | O17: 0 | P17: 0 | Q17: 0 | AA17: Not applicable to my device(s) | AB17: Main reason | AC17: Main reason | AD17: Not a reason | AE17: Secondary reason | AF17: Not applicable to my device(s) | AG17: Not applicable to my device(s) | AH17: Not a reason | AI17: All weekdays | AJ17: Both Saturday and Sunday | AK17: Always (day and night) | AL17: College graduate | AM17: Maybe | AN17: Maybe | AO17: Maybe | AP17: Yes | AQ17: Maybe | AR17: Employed full-time | AS17: Female | AT17: College graduate | AU17: 0 | AV17: 0 | AW17: 0 | AX17: 1 | AY17: 0 | AZ17: 42_57
A18: 0 | B18: 1 | C18: 0 | D18: 0 | E18: 1 | F18: 0 | G18: 0 | H18: 0 | I18: 0 | L18: 1 | M18: 0 | N18: 0 | O18: 0 | P18: 0 | Q18: 0 | R18: 0 | S18: 0 | T18: 1 | U18: 0 | V18: 0 | W18: 0 | X18: 0 | Y18: 0 | Z18: 0 | AL18: High school graduate | AM18: Yes | AN18: No | AO18: No | AP18: No | AQ18: No | AR18: Retired, not looking for work | AS18: Female | AT18: High school graduate | AU18: 0 | AV18: 0 | AW18: 0 | AX18: 1 | AY18: 0 | AZ18: 58_76
A19: 0 | B19: 1 | C19: 0 | D19: 0 | E19: 1 | F19: 0 | G19: 0 | H19: 0 | I19: 0 | L19: 1 | M19: 0 | N19: 0 | O19: 0 | P19: 0 | Q19: 0 | R19: 0 | S19: 0 | T19: 1 | U19: 0 | V19: 0 | W19: 0 | X19: 1 | Y19: 0 | Z19: 0 | AL19: College graduate | AM19: Yes | AN19: Maybe | AO19: No | AP19: Maybe | AQ19: Maybe | AR19: Retired, not looking for work | AS19: Female | AT19: College graduate | AU19: 0 | AV19: 0 | AW19: 0 | AX19: 1 | AY19: 0 | AZ19: 58_76
A20: 0 | B20: 1 | C20: 0 | D20: 0 | E20: 1 | F20: 0 | G20: 0 | H20: 0 | I20: 0 | L20: 0 | M20: 0 | N20: 0 | O20: 0 | P20: 0 | Q20: 1 | AA20: Not a reason | AB20: Secondary reason | AC20: Main reason | AD20: Secondary reason | AE20: Not a reason | AF20: Not a reason | AG20: Not a reason | AH20: Not a reason | AI20: All weekdays | AJ20: Both Saturday and Sunday | AK20: Always (day and night) | AL20: Some college but no degree | AM20: Maybe | AN20: Maybe | AO20: Maybe | AP20: Maybe | AQ20: No | AR20: Employed full-time | AS20: Female | AT20: Some college but no degree | AU20: 1 | AV20: 0 | AW20: 0 | AX20: 0 | AY20: 0 | AZ20: 42_57
A21: 1 | B21: 0 | C21: 0 | D21: 0 | E21: 0 | F21: 0 | G21: 0 | H21: 0 | I21: 1 | J21: All weekdays | K21: Both Saturday and Sunday | L21: 1 | M21: 0 | N21: 0 | O21: 0 | P21: 0 | Q21: 0 | R21: 0 | S21: 1 | T21: 0 | U21: 0 | V21: 0 | W21: 0 | X21: 0 | Y21: 0 | Z21: 0 | AL21: Graduate degree | AM21: Maybe | AN21: Maybe | AO21: Maybe | AP21: Maybe | AQ21: No | AR21: Retired, not looking for work | AS21: Female | AT21: Graduate degree | AU21: 0 | AV21: 0 | AW21: 0 | AX21: 1 | AY21: 0 | AZ21: 58_76
A22: 0 | B22: 1 | C22: 0 | D22: 0 | E22: 1 | F22: 0 | G22: 0 | H22: 0 | I22: 0 | L22: 0 | M22: 1 | N22: 0 | O22: 0 | P22: 0 | Q22: 0 | AA22: Main reason | AB22: Main reason | AC22: Main reason | AD22: Main reason | AE22: Main reason | AF22: Main reason | AG22: Main reason | AH22: Main reason | AI22: All weekdays | AJ22: Both Saturday and Sunday | AK22: Always (day and night) | AL22: High school graduate | AM22: Maybe | AN22: Yes | AO22: Yes | AP22: Yes | AQ22: Yes | AR22: Employed part-time | AS22: Female | AT22: High school graduate | AU22: 1 | AV22: 0 | AW22: 0 | AX22: 0 | AY22: 0 | AZ22: 42_57
A23: 1 | B23: 0 | C23: 0 | D23: 0 | E23: 0 | F23: 0 | G23: 0 | H23: 0 | I23: 1 | J23: Varies from week to week | K23: Varies from weekend to weekend | L23: 1 | M23: 0 | N23: 0 | O23: 0 | P23: 0 | Q23: 0 | R23: 0 | S23: 0 | T23: 0 | U23: 0 | V23: 0 | W23: 0 | X23: 1 | Y23: 0 | Z23: 0 | AL23: College graduate | AM23: No | AR23: Employed part-time | AS23: Female | AT23: College graduate | AU23: 0 | AV23: 0 | AW23: 0 | AX23: 1 | AY23: 0 | AZ23: 58_76
A24: 1 | B24: 0 | C24: 0 | D24: 0 | E24: 1 | F24: 0 | G24: 0 | H24: 0 | I24: 0 | L24: 1 | M24: 0 | N24: 0 | O24: 0 | P24: 0 | Q24: 0 | R24: 1 | S24: 0 | T24: 0 | U24: 0 | V24: 0 | W24: 0 | X24: 0 | Y24: 0 | Z24: 0 | AL24: College graduate | AM24: Yes | AN24: Yes | AO24: Yes | AP24: Yes | AQ24: Yes | AR24: Employed full-time | AS24: Female | AT24: College graduate | AU24: 1 | AV24: 0 | AW24: 0 | AX24: 0 | AY24: 0 | AZ24: 42_57
A25: 0 | B25: 1 | C25: 0 | D25: 0 | E25: 1 | F25: 0 | G25: 0 | H25: 0 | I25: 0 | L25: 1 | M25: 0 | N25: 0 | O25: 0 | P25: 0 | Q25: 0 | R25: 0 | S25: 1 | T25: 0 | U25: 0 | V25: 0 | W25: 0 | X25: 0 | Y25: 0 | Z25: 0 | AL25: High school graduate | AM25: No | AR25: Employed full-time | AS25: Female | AT25: High school graduate | AU25: 1 | AV25: 0 | AW25: 0 | AX25: 0 | AY25: 0 | AZ25: 58_76
A26: 0 | B26: 1 | C26: 0 | D26: 0 | E26: 1 | F26: 0 | G26: 0 | H26: 0 | I26: 0 | L26: 1 | M26: 0 | N26: 0 | O26: 0 | P26: 0 | Q26: 0 | R26: 0 | S26: 0 | T26: 1 | U26: 0 | V26: 0 | W26: 0 | X26: 0 | Y26: 0 | Z26: 0 | AL26: College graduate | AM26: Yes | AN26: No | AO26: Yes | AP26: Yes | AQ26: Maybe | AR26: Disabled, not able to work | AS26: Female | AT26: College graduate | AU26: 0 | AV26: 0 | AW26: 0 | AX26: 1 | AY26: 0 | AZ26: 58_76
A27: 1 | B27: 0 | C27: 0 | D27: 0 | E27: 0 | F27: 1 | G27: 0 | H27: 0 | I27: 0 | J27: All weekdays | K27: Both Saturday and Sunday | L27: 0 | M27: 1 | N27: 0 | O27: 0 | P27: 0 | Q27: 0 | AA27: Secondary reason | AB27: Main reason | AC27: Main reason | AD27: Secondary reason | AE27: Secondary reason | AF27: Secondary reason | AG27: Secondary reason | AH27: Not a reason | AI27: All weekdays | AJ27: Both Saturday and Sunday | AK27: Always (day and night) | AL27: Graduate degree | AM27: Yes | AN27: Yes | AO27: Yes | AP27: Yes | AQ27: Yes | AR27: Retired, not looking for work | AS27: Female | AT27: Graduate degree | AU27: 0 | AV27: 0 | AW27: 0 | AX27: 1 | AY27: 0 | AZ27: 58_76
A28: 0 | B28: 1 | C28: 0 | D28: 0 | E28: 1 | F28: 0 | G28: 0 | H28: 0 | I28: 0 | L28: 0 | M28: 1 | N28: 0 | O28: 0 | P28: 1 | Q28: 0 | AA28: Not a reason | AB28: Main reason | AC28: Not a reason | AD28: Main reason | AE28: Not a reason | AF28: Not a reason | AG28: Not a reason | AH28: Not a reason | AI28: None | AJ28: None | AL28: Graduate degree | AM28: No | AR28: Not employed, but looking for work | AS28: Female | AT28: Graduate degree | AU28: 0 | AV28: 0 | AW28: 0 | AX28: 0 | AY28: 1 | AZ28: 42_57
A29: 1 | B29: 0 | C29: 0 | D29: 0 | E29: 1 | F29: 0 | G29: 0 | H29: 0 | I29: 0 | L29: 1 | M29: 0 | N29: 0 | O29: 0 | P29: 0 | Q29: 0 | R29: 0 | S29: 0 | T29: 0 | U29: 0 | V29: 0 | W29: 1 | X29: 0 | Y29: 0 | Z29: 0 | AL29: Graduate degree | AM29: Maybe | AN29: Maybe | AO29: Yes | AP29: Yes | AQ29: Yes | AR29: Employed full-time | AS29: Female | AT29: Graduate degree | AU29: 0 | AV29: 0 | AW29: 0 | AX29: 1 | AY29: 0 | AZ29: 42_57
A30: 1 | B30: 0 | C30: 0 | D30: 0 | E30: 0 | F30: 1 | G30: 1 | H30: 0 | I30: 0 | J30: All weekdays | K30: Varies from weekend to weekend | L30: 0 | M30: 0 | N30: 1 | O30: 0 | P30: 0 | Q30: 0 | AA30: Not a reason | AB30: Main reason | AC30: Not a reason | AD30: Main reason | AE30: Secondary reason | AF30: Not a reason | AG30: Not a reason | AH30: Secondary reason | AI30: All weekdays | AJ30: Varies from weekend to weekend | AK30: Daytime only | AL30: Some college but no degree | AM30: Yes | AN30: Yes | AO30: Yes | AP30: Yes | AQ30: Yes | AR30: Employed full-time | AS30: Female | AT30: Some college but no degree | AU30: 0 | AV30: 0 | AW30: 0 | AX30: 1 | AY30: 0 | AZ30: 42_57
A31: 0 | B31: 1 | C31: 0 | D31: 0 | E31: 1 | F31: 0 | G31: 0 | H31: 0 | I31: 0 | L31: 1 | M31: 0 | N31: 0 | O31: 0 | P31: 0 | Q31: 0 | R31: 0 | S31: 0 | T31: 0 | U31: 0 | V31: 0 | W31: 0 | X31: 0 | Y31: 0 | Z31: 1 | AL31: Graduate degree | AM31: Maybe | AN31: Yes | AO31: No | AP31: Yes | AQ31: No | AR31: Retired, not looking for work | AS31: Female | AT31: Graduate degree | AU31: 0 | AV31: 0 | AW31: 0 | AX31: 1 | AY31: 0 | AZ31: 58_76
A32: 0 | B32: 1 | C32: 0 | D32: 0 | E32: 0 | F32: 0 | G32: 0 | H32: 0 | I32: 1 | J32: All weekdays | K32: Both Saturday and Sunday | L32: 1 | M32: 0 | N32: 0 | O32: 0 | P32: 0 | Q32: 0 | R32: 0 | S32: 0 | T32: 0 | U32: 0 | V32: 0 | W32: 1 | X32: 0 | Y32: 0 | Z32: 1 | AL32: Some college but no degree | AM32: Yes | AN32: Maybe | AO32: No | AP32: Maybe | AQ32: Yes | AR32: Employed full-time | AS32: Female | AT32: Some college but no degree | AU32: 0 | AV32: 0 | AW32: 0 | AX32: 1 | AY32: 0 | AZ32: 58_76
A33: 1 | B33: 0 | C33: 0 | D33: 0 | E33: 0 | F33: 1 | G33: 0 | H33: 0 | I33: 0 | J33: All weekdays | K33: Both Saturday and Sunday | L33: 0 | M33: 1 | N33: 0 | O33: 0 | P33: 0 | Q33: 0 | AA33: Not applicable to my device(s) | AB33: Main reason | AC33: Secondary reason | AD33: Not a reason | AE33: Not a reason | AF33: Not applicable to my device(s) | AG33: Not a reason | AH33: Not a reason | AI33: All weekdays | AJ33: Both Saturday and Sunday | AK33: Daytime only | AL33: Graduate degree | AM33: Maybe | AN33: Maybe | AO33: Yes | AP33: Yes | AQ33: Yes | AR33: Retired, not looking for work | AS33: Female | AT33: Graduate degree | AU33: 0 | AV33: 0 | AW33: 0 | AX33: 1 | AY33: 0 | AZ33: 58_76
A34: 1 | B34: 0 | C34: 0 | D34: 0 | E34: 0 | F34: 0 | G34: 0 | H34: 0 | I34: 1 | J34: All weekdays | K34: Both Saturday and Sunday | L34: 0 | M34: 1 | N34: 0 | O34: 0 | P34: 0 | Q34: 0 | AA34: Not applicable to my device(s) | AB34: Main reason | AC34: Not a reason | AD34: Not applicable to my device(s) | AE34: Not applicable to my device(s) | AF34: Not applicable to my device(s) | AG34: Not applicable to my device(s) | AH34: Not a reason | AI34: Some weekdays | AJ34: Varies from weekend to weekend | AK34: Daytime only | AL34: Graduate degree | AM34: Yes | AN34: Maybe | AO34: Maybe | AP34: Maybe | AQ34: Maybe | AR34: Employed full-time | AS34: Female | AT34: Graduate degree | AU34: 0 | AV34: 0 | AW34: 0 | AX34: 1 | AY34: 0 | AZ34: 58_76
A35: 0 | B35: 1 | C35: 0 | D35: 0 | E35: 0 | F35: 0 | G35: 0 | H35: 1 | I35: 0 | J35: Some weekdays | K35: Varies from weekend to weekend | L35: 0 | M35: 1 | N35: 0 | O35: 0 | P35: 0 | Q35: 0 | AA35: Not a reason | AB35: Secondary reason | AC35: Secondary reason | AD35: Main reason | AE35: Main reason | AF35: Secondary reason | AG35: Not applicable to my device(s) | AH35: Not a reason | AI35: Varies from week to week | AJ35: Varies from weekend to weekend | AK35: Always (day and night) | AL35: College graduate | AM35: Yes | AN35: Maybe | AO35: Maybe | AP35: Maybe | AQ35: Maybe | AR35: Disabled, not able to work | AS35: Female | AT35: College graduate | AU35: 1 | AV35: 0 | AW35: 0 | AX35: 0 | AY35: 0 | AZ35: 42_57
A36: 1 | B36: 0 | C36: 0 | D36: 0 | E36: 1 | F36: 0 | G36: 0 | H36: 0 | I36: 0 | L36: 0 | M36: 0 | N36: 0 | O36: 0 | P36: 0 | Q36: 1 | AA36: Secondary reason | AB36: Not a reason | AC36: Not a reason | AD36: Not applicable to my device(s) | AE36: Main reason | AF36: Not a reason | AG36: Main reason | AH36: Not a reason | AI36: None | AJ36: None | AL36: College graduate | AM36: No | AR36: Disabled, not able to work | AS36: Female | AT36: College graduate | AU36: 1 | AV36: 0 | AW36: 0 | AX36: 0 | AY36: 0 | AZ36: 58_76
A37: 1 | B37: 0 | C37: 0 | D37: 0 | E37: 0 | F37: 1 | G37: 0 | H37: 0 | I37: 0 | J37: Varies from week to week | K37: Varies from weekend to weekend | L37: 0 | M37: 0 | N37: 1 | O37: 0 | P37: 0 | Q37: 0 | AA37: Secondary reason | AB37: Secondary reason | AC37: Not a reason | AD37: Not a reason | AE37: Main reason | AF37: Not a reason | AG37: Secondary reason | AH37: Main reason | AI37: All weekdays | AJ37: Both Saturday and Sunday | AK37: Always (day and night) | AL37: College graduate | AM37: Maybe | AN37: Maybe | AO37: Yes | AP37: Maybe | AQ37: Maybe | AR37: Disabled, not able to work | AS37: Female | AT37: College graduate | AU37: 0 | AV37: 0 | AW37: 0 | AX37: 1 | AY37: 0 | AZ37: 58_76
A38: 1 | B38: 0 | C38: 0 | D38: 0 | E38: 0 | F38: 0 | G38: 0 | H38: 0 | I38: 1 | J38: Varies from week to week | K38: Varies from weekend to weekend | L38: 0 | M38: 1 | N38: 1 | O38: 0 | P38: 0 | Q38: 0 | AA38: Secondary reason | AB38: Secondary reason | AC38: Not a reason | AD38: Not a reason | AE38: Main reason | AF38: Not a reason | AG38: Not a reason | AH38: Not a reason | AI38: Varies from week to week | AJ38: Varies from weekend to weekend | AK38: Daytime only | AL38: College graduate | AM38: Maybe | AN38: Yes | AO38: Yes | AP38: Maybe | AQ38: Yes | AR38: Employed full-time | AS38: Female | AT38: College graduate | AU38: 0 | AV38: 0 | AW38: 0 | AX38: 1 | AY38: 0 | AZ38: 58_76
A39: 1 | B39: 0 | C39: 0 | D39: 0 | E39: 0 | F39: 1 | G39: 1 | H39: 1 | I39: 0 | J39: All weekdays | K39: Varies from weekend to weekend | L39: 0 | M39: 0 | N39: 1 | O39: 0 | P39: 0 | Q39: 0 | AA39: Not applicable to my device(s) | AB39: Main reason | AC39: Secondary reason | AD39: Secondary reason | AE39: Main reason | AF39: Not applicable to my device(s) | AG39: Secondary reason | AH39: Not applicable to my device(s) | AI39: All weekdays | AJ39: Both Saturday and Sunday | AK39: Always (day and night) | AL39: Graduate degree | AM39: Yes | AN39: Yes | AO39: Yes | AP39: Yes | AQ39: Maybe | AR39: Retired, not looking for work | AS39: Female | AT39: Graduate degree | AU39: 0 | AV39: 0 | AW39: 0 | AX39: 1 | AY39: 0 | AZ39: 58_76
A40: 1 | B40: 0 | C40: 0 | D40: 0 | E40: 1 | F40: 0 | G40: 0 | H40: 0 | I40: 0 | L40: 1 | M40: 0 | N40: 0 | O40: 0 | P40: 0 | Q40: 0 | R40: 0 | S40: 0 | T40: 1 | U40: 1 | V40: 0 | W40: 0 | X40: 0 | Y40: 0 | Z40: 0 | AL40: College graduate | AM40: Yes | AN40: Yes | AO40: No | AP40: Yes | AQ40: Maybe | AR40: Disabled, not able to work | AS40: Female | AT40: College graduate | AU40: 0 | AV40: 0 | AW40: 0 | AX40: 1 | AY40: 0 | AZ40: 58_76
A41: 1 | B41: 0 | C41: 0 | D41: 0 | E41: 1 | F41: 0 | G41: 0 | H41: 0 | I41: 0 | L41: 0 | M41: 1 | N41: 0 | O41: 0 | P41: 1 | Q41: 0 | AA41: Not a reason | AB41: Not a reason | AC41: Not a reason | AD41: Not a reason | AE41: Main reason | AF41: Not a reason | AG41: Not a reason | AH41: Not a reason | AI41: None | AJ41: None | AL41: Some college but no degree | AM41: No | AR41: Retired, not looking for work | AS41: Female | AT41: Some college but no degree | AU41: 0 | AV41: 0 | AW41: 0 | AX41: 1 | AY41: 0 | AZ41: 58_76
A42: 1 | B42: 0 | C42: 0 | D42: 0 | E42: 1 | F42: 0 | G42: 0 | H42: 0 | I42: 0 | L42: 1 | M42: 0 | N42: 0 | O42: 0 | P42: 0 | Q42: 0 | R42: 0 | S42: 1 | T42: 0 | U42: 0 | V42: 0 | W42: 0 | X42: 0 | Y42: 0 | Z42: 0 | AL42: Graduate degree | AM42: Yes | AN42: Yes | AO42: Yes | AP42: Yes | AQ42: Yes | AR42: Employed part-time | AS42: Female | AT42: Graduate degree | AU42: 0 | AV42: 0 | AW42: 0 | AX42: 1 | AY42: 0 | AZ42: 42_57
A43: 0 | B43: 1 | C43: 0 | D43: 0 | E43: 0 | F43: 1 | G43: 1 | H43: 1 | I43: 0 | J43: All weekdays | K43: Both Saturday and Sunday | L43: 0 | M43: 1 | N43: 0 | O43: 1 | P43: 1 | Q43: 0 | AA43: Not a reason | AB43: Main reason | AC43: Main reason | AD43: Secondary reason | AE43: Secondary reason | AF43: Not applicable to my device(s) | AG43: Not a reason | AH43: Not a reason | AI43: All weekdays | AJ43: Both Saturday and Sunday | AK43: Always (day and night) | AL43: Some college but no degree | AM43: Yes | AN43: No | AO43: Yes | AP43: Yes | AQ43: Maybe | AR43: Employed full-time | AS43: Female | AT43: Some college but no degree | AU43: 0 | AV43: 0 | AW43: 0 | AX43: 1 | AY43: 0 | AZ43: 42_57
A44: 0 | B44: 1 | C44: 0 | D44: 0 | E44: 0 | F44: 1 | G44: 0 | H44: 1 | I44: 0 | J44: All weekdays | K44: Both Saturday and Sunday | L44: 0 | M44: 0 | N44: 0 | O44: 0 | P44: 1 | Q44: 0 | AA44: Secondary reason | AB44: Main reason | AC44: Secondary reason | AD44: Not a reason | AE44: Main reason | AF44: Not a reason | AG44: Not a reason | AH44: Not a reason | AI44: All weekdays | AJ44: Both Saturday and Sunday | AK44: Always (day and night) | AL44: Some college but no degree | AM44: Yes | AN44: No | AO44: Yes | AP44: Yes | AQ44: Maybe | AR44: Retired, not looking for work | AS44: Female | AT44: Some college but no degree | AU44: 0 | AV44: 0 | AW44: 0 | AX44: 1 | AY44: 0 | AZ44: 58_76
A45: 0 | B45: 1 | C45: 0 | D45: 0 | E45: 1 | F45: 0 | G45: 0 | H45: 0 | I45: 0 | L45: 0 | M45: 1 | N45: 0 | O45: 0 | P45: 0 | Q45: 0 | AA45: Not a reason | AB45: Main reason | AC45: Main reason | AD45: Secondary reason | AE45: Secondary reason | AF45: Not a reason | AG45: Not a reason | AH45: Not a reason | AI45: All weekdays | AJ45: Both Saturday and Sunday | AK45: Always (day and night) | AL45: Graduate degree | AM45: Maybe | AN45: Maybe | AO45: Maybe | AP45: Maybe | AQ45: Maybe | AR45: Employed full-time | AS45: Female | AT45: Graduate degree | AU45: 0 | AV45: 0 | AW45: 0 | AX45: 1 | AY45: 0 | AZ45: 58_76
A46: 1 | B46: 0 | C46: 0 | D46: 0 | E46: 1 | F46: 0 | G46: 0 | H46: 0 | I46: 0 | L46: 0 | M46: 0 | N46: 0 | O46: 0 | P46: 0 | Q46: 1 | AA46: Not a reason | AB46: Main reason | AC46: Not a reason | AD46: Not a reason | AE46: Not a reason | AF46: Not a reason | AG46: Not a reason | AH46: Not a reason | AI46: Some weekdays | AJ46: Varies from weekend to weekend | AK46: Irregular times (no set times) | AL46: High school graduate | AM46: Yes | AN46: Yes | AO46: Yes | AP46: Yes | AQ46: Yes | AR46: Employed part-time | AS46: Female | AT46: High school graduate | AU46: 0 | AV46: 0 | AW46: 0 | AX46: 1 | AY46: 0 | AZ46: 58_76
A47: 1 | B47: 0 | C47: 0 | D47: 0 | E47: 0 | F47: 1 | G47: 0 | H47: 0 | I47: 0 | J47: All weekdays | K47: Varies from weekend to weekend | L47: 0 | M47: 0 | N47: 1 | O47: 0 | P47: 0 | Q47: 0 | AA47: Not a reason | AB47: Main reason | AC47: Not applicable to my device(s) | AD47: Not applicable to my device(s) | AE47: Main reason | AF47: Not a reason | AG47: Secondary reason | AH47: Not a reason | AI47: All weekdays | AJ47: Both Saturday and Sunday | AK47: Always (day and night) | AL47: Graduate degree | AM47: Yes | AN47: No | AO47: Yes | AP47: No | AQ47: Maybe | AR47: Retired, not looking for work | AS47: Female | AT47: Graduate degree | AU47: 1 | AV47: 0 | AW47: 0 | AX47: 0 | AY47: 0 | AZ47: 58_76
A48: 0 | B48: 1 | C48: 0 | D48: 0 | E48: 0 | F48: 0 | G48: 0 | H48: 0 | I48: 1 | J48: Varies from week to week | K48: Both Saturday and Sunday | L48: 1 | M48: 0 | N48: 0 | O48: 0 | P48: 0 | Q48: 0 | R48: 0 | S48: 1 | T48: 0 | U48: 0 | V48: 0 | W48: 0 | X48: 0 | Y48: 0 | Z48: 0 | AL48: Graduate degree | AM48: Yes | AN48: Yes | AO48: Yes | AP48: Yes | AQ48: Maybe | AR48: Disabled, not able to work | AS48: Female | AT48: Graduate degree | AU48: 0 | AV48: 0 | AW48: 0 | AX48: 0 | AY48: 1 | AZ48: 42_57
A49: 1 | B49: 0 | C49: 0 | D49: 0 | E49: 0 | F49: 1 | G49: 0 | H49: 0 | I49: 0 | J49: Some weekdays | K49: Saturday only | L49: 0 | M49: 1 | N49: 0 | O49: 0 | P49: 0 | Q49: 0 | AA49: Not a reason | AB49: Main reason | AC49: Not a reason | AD49: Not a reason | AE49: Not a reason | AF49: Not a reason | AG49: Not a reason | AH49: Not a reason | AI49: Some weekdays | AJ49: None | AK49: Daytime only | AL49: Graduate degree | AM49: Yes | AN49: Yes | AO49: Yes | AP49: Yes | AQ49: Yes | AR49: Retired, not looking for work | AS49: Female | AT49: Graduate degree | AU49: 0 | AV49: 0 | AW49: 0 | AX49: 1 | AY49: 0 | AZ49: 58_76
A50: 0 | B50: 1 | C50: 0 | D50: 0 | E50: 0 | F50: 1 | G50: 0 | H50: 1 | I50: 0 | J50: All weekdays | K50: Both Saturday and Sunday | L50: 0 | M50: 1 | N50: 0 | O50: 0 | P50: 0 | Q50: 0 | AA50: Not applicable to my device(s) | AB50: Main reason | AC50: Secondary reason | AD50: Not a reason | AE50: Not a reason | AF50: Not applicable to my device(s) | AG50: Not a reason | AH50: Not applicable to my device(s) | AI50: All weekdays | AJ50: Both Saturday and Sunday | AK50: Always (day and night) | AL50: College graduate | AM50: Maybe | AN50: Yes | AO50: Yes | AP50: Yes | AQ50: Maybe | AR50: Retired, not looking for work | AS50: Female | AT50: College graduate | AU50: 0 | AV50: 0 | AW50: 0 | AX50: 1 | AY50: 0 | AZ50: 58_76
A51: 0 | B51: 1 | C51: 0 | D51: 0 | E51: 0 | F51: 1 | G51: 0 | H51: 1 | I51: 0 | J51: Some weekdays | K51: Both Saturday and Sunday | L51: 0 | M51: 0 | N51: 0 | O51: 0 | P51: 0 | Q51: 1 | AA51: Not a reason | AB51: Main reason | AC51: Secondary reason | AD51: Secondary reason | AE51: Not applicable to my device(s) | AF51: Not applicable to my device(s) | AG51: Secondary reason | AH51: Not applicable to my device(s) | AI51: All weekdays | AJ51: Both Saturday and Sunday | AK51: Always (day and night) | AL51: High school graduate | AM51: Yes | AN51: Yes | AO51: Maybe | AP51: Yes | AQ51: Yes | AR51: Disabled, not able to work | AS51: Female | AT51: High school graduate | AU51: 0 | AV51: 0 | AW51: 0 | AX51: 1 | AY51: 0 | AZ51: 58_76
A52: 0 | B52: 1 | C52: 0 | D52: 0 | E52: 0 | F52: 0 | G52: 0 | H52: 0 | I52: 1 | J52: Varies from week to week | K52: Varies from weekend to weekend | L52: 1 | M52: 0 | N52: 0 | O52: 0 | P52: 0 | Q52: 0 | R52: 0 | S52: 0 | T52: 1 | U52: 0 | V52: 0 | W52: 0 | X52: 0 | Y52: 0 | Z52: 0 | AL52: College graduate | AM52: Maybe | AN52: Maybe | AO52: Maybe | AP52: Maybe | AQ52: Maybe | AR52: Employed full-time | AS52: Female | AT52: College graduate | AU52: 1 | AV52: 0 | AW52: 0 | AX52: 0 | AY52: 0 | AZ52: 58_76
A53: 1 | B53: 0 | C53: 0 | D53: 0 | E53: 1 | F53: 0 | G53: 0 | H53: 0 | I53: 0 | L53: 1 | M53: 0 | N53: 0 | O53: 0 | P53: 0 | Q53: 0 | R53: 0 | S53: 1 | T53: 0 | U53: 0 | V53: 0 | W53: 0 | X53: 0 | Y53: 0 | Z53: 0 | AL53: Graduate degree | AM53: Maybe | AN53: No | AO53: Maybe | AP53: Maybe | AQ53: Maybe | AR53: Employed full-time | AS53: Female | AT53: Graduate degree | AU53: 0 | AV53: 0 | AW53: 0 | AX53: 1 | AY53: 0 | AZ53: 42_57
A54: 1 | B54: 0 | C54: 0 | D54: 0 | E54: 0 | F54: 1 | G54: 0 | H54: 0 | I54: 0 | J54: All weekdays | K54: Both Saturday and Sunday | L54: 0 | M54: 0 | N54: 1 | O54: 0 | P54: 0 | Q54: 0 | AA54: Secondary reason | AB54: Secondary reason | AC54: Not a reason | AD54: Main reason | AE54: Main reason | AF54: Not a reason | AG54: Not a reason | AH54: Not a reason | AI54: All weekdays | AJ54: Both Saturday and Sunday | AK54: Daytime only | AL54: College graduate | AM54: Maybe | AN54: Yes | AO54: Yes | AP54: No | AQ54: Maybe | AR54: Disabled, not able to work | AS54: Female | AT54: College graduate | AU54: 0 | AV54: 0 | AW54: 0 | AX54: 1 | AY54: 0 | AZ54: 58_76
A55: 1 | B55: 0 | C55: 0 | D55: 0 | E55: 1 | F55: 0 | G55: 0 | H55: 0 | I55: 0 | L55: 0 | M55: 0 | N55: 1 | O55: 0 | P55: 0 | Q55: 0 | AA55: Not a reason | AB55: Secondary reason | AC55: Not a reason | AD55: Secondary reason | AE55: Secondary reason | AF55: Not a reason | AG55: Not a reason | AH55: Not a reason | AI55: All weekdays | AJ55: Both Saturday and Sunday | AK55: Daytime only | AL55: Graduate degree | AM55: Maybe | AN55: Yes | AO55: Yes | AP55: Maybe | AQ55: No | AR55: Employed full-time | AS55: Female | AT55: Graduate degree | AU55: 0 | AV55: 0 | AW55: 0 | AX55: 1 | AY55: 0 | AZ55: 58_76
A56: 1 | B56: 0 | C56: 0 | D56: 0 | E56: 0 | F56: 1 | G56: 0 | H56: 1 | I56: 1 | J56: Varies from week to week | K56: Varies from weekend to weekend | L56: 0 | M56: 1 | N56: 0 | O56: 0 | P56: 0 | Q56: 0 | AA56: Not applicable to my device(s) | AB56: Secondary reason | AC56: Main reason | AD56: Not a reason | AE56: Secondary reason | AF56: Not applicable to my device(s) | AG56: Not applicable to my device(s) | AH56: Not a reason | AI56: Varies from week to week | AJ56: Varies from weekend to weekend | AK56: Always (day and night) | AL56: Graduate degree | AM56: Yes | AN56: Yes | AO56: Yes | AP56: Maybe | AQ56: Yes | AR56: Employed full-time | AS56: Female | AT56: Graduate degree | AU56: 0 | AV56: 0 | AW56: 0 | AX56: 1 | AY56: 0 | AZ56: 42_57
A57: 1 | B57: 0 | C57: 0 | D57: 0 | E57: 1 | F57: 0 | G57: 0 | H57: 0 | I57: 0 | L57: 0 | M57: 0 | N57: 1 | O57: 0 | P57: 0 | Q57: 0 | AA57: Not a reason | AB57: Not a reason | AC57: Not a reason | AD57: Not a reason | AE57: Main reason | AF57: Main reason | AG57: Main reason | AH57: Not a reason | AI57: None | AJ57: None | AL57: Graduate degree | AM57: No | AR57: Employed full-time | AS57: Female | AT57: Graduate degree | AU57: 0 | AV57: 0 | AW57: 0 | AX57: 1 | AY57: 0 | AZ57: 58_76
A58: 1 | B58: 0 | C58: 0 | D58: 0 | E58: 0 | F58: 0 | G58: 0 | H58: 0 | I58: 1 | J58: All weekdays | K58: Both Saturday and Sunday | L58: 0 | M58: 1 | N58: 0 | O58: 0 | P58: 0 | Q58: 0 | AA58: Not applicable to my device(s) | AB58: Main reason | AC58: Secondary reason | AD58: Not applicable to my device(s) | AE58: Not applicable to my device(s) | AF58: Not applicable to my device(s) | AG58: Not applicable to my device(s) | AH58: Not a reason | AI58: All weekdays | AJ58: Both Saturday and Sunday | AK58: Always (day and night) | AL58: Graduate degree | AM58: Maybe | AN58: Maybe | AO58: Maybe | AP58: Maybe | AQ58: Maybe | AR58: Employed full-time | AS58: Female | AT58: Graduate degree | AU58: 0 | AV58: 0 | AW58: 0 | AX58: 1 | AY58: 0 | AZ58: 42_57
A59: 1 | B59: 0 | C59: 0 | D59: 0 | E59: 0 | F59: 0 | G59: 0 | H59: 0 | I59: 1 | J59: Varies from week to week | K59: None | L59: 0 | M59: 1 | N59: 0 | O59: 0 | P59: 0 | Q59: 0 | AA59: Not a reason | AB59: Main reason | AC59: Not a reason | AD59: Not a reason | AE59: Not a reason | AF59: Not a reason | AG59: Not a reason | AH59: Not a reason | AI59: All weekdays | AJ59: Both Saturday and Sunday | AK59: Always (day and night) | AL59: Graduate degree | AM59: No | AR59: Employed full-time | AS59: Female | AT59: Graduate degree | AU59: 1 | AV59: 0 | AW59: 0 | AX59: 0 | AY59: 0 | AZ59: 58_76
A60: 0 | B60: 1 | C60: 0 | D60: 0 | E60: 1 | F60: 0 | G60: 0 | H60: 0 | I60: 0 | L60: 0 | M60: 1 | N60: 0 | O60: 0 | P60: 0 | Q60: 0 | AA60: Main reason | AB60: Not applicable to my device(s) | AC60: Not applicable to my device(s) | AD60: Not applicable to my device(s) | AE60: Main reason | AF60: Not applicable to my device(s) | AG60: Secondary reason | AH60: Not applicable to my device(s) | AI60: None | AJ60: None | AL60: College graduate | AM60: Yes | AN60: Maybe | AO60: Maybe | AP60: Yes | AQ60: Maybe | AR60: Employed part-time | AS60: Female | AT60: College graduate | AU60: 0 | AV60: 0 | AW60: 0 | AX60: 0 | AY60: 1 | AZ60: 58_76
A61: 1 | B61: 0 | C61: 0 | D61: 0 | E61: 1 | F61: 0 | G61: 0 | H61: 0 | I61: 0 | L61: 0 | M61: 1 | N61: 0 | O61: 0 | P61: 0 | Q61: 1 | AA61: Secondary reason | AB61: Secondary reason | AC61: Not a reason | AD61: Not a reason | AE61: Secondary reason | AF61: Main reason | AG61: Not a reason | AH61: Not a reason | AI61: All weekdays | AJ61: None | AK61: During workouts only | AL61: College graduate | AM61: Yes | AN61: No | AO61: Maybe | AP61: No | AQ61: No | AR61: Employed full-time | AS61: Female | AT61: College graduate | AU61: 0 | AV61: 0 | AW61: 0 | AX61: 1 | AY61: 0 | AZ61: 58_76
A62: 1 | B62: 0 | C62: 0 | D62: 0 | E62: 0 | F62: 1 | G62: 0 | H62: 0 | I62: 0 | J62: Some weekdays | K62: Varies from weekend to weekend | L62: 0 | M62: 0 | N62: 1 | O62: 0 | P62: 0 | Q62: 0 | AA62: Main reason | AB62: Main reason | AC62: Secondary reason | AD62: Secondary reason | AE62: Main reason | AF62: Not a reason | AG62: Main reason | AH62: Main reason | AI62: All weekdays | AJ62: Both Saturday and Sunday | AK62: Always (day and night) | AL62: Some college but no degree | AM62: Maybe | AN62: Yes | AO62: Yes | AP62: Yes | AQ62: Maybe | AR62: Employed full-time | AS62: Female | AT62: Some college but no degree | AU62: 0 | AV62: 0 | AW62: 0 | AX62: 1 | AY62: 0 | AZ62: 58_76
A63: 1 | B63: 0 | C63: 0 | D63: 0 | E63: 0 | F63: 1 | G63: 1 | H63: 1 | I63: 1 | J63: All weekdays | K63: Both Saturday and Sunday | L63: 0 | M63: 0 | N63: 1 | O63: 1 | P63: 0 | Q63: 0 | AA63: Not a reason | AB63: Main reason | AC63: Main reason | AD63: Main reason | AE63: Main reason | AF63: Not a reason | AG63: Not a reason | AH63: Not a reason | AI63: Some weekdays | AJ63: Both Saturday and Sunday | AK63: Always (day and night) | AL63: College graduate | AM63: Yes | AN63: Yes | AO63: Yes | AP63: Yes | AQ63: Yes | AR63: Disabled, not able to work | AS63: Female | AT63: College graduate | AU63: 0 | AV63: 0 | AW63: 0 | AX63: 1 | AY63: 0 | AZ63: 58_76
A64: 0 | B64: 1 | C64: 0 | D64: 0 | E64: 1 | F64: 0 | G64: 0 | H64: 0 | I64: 0 | L64: 1 | M64: 0 | N64: 0 | O64: 0 | P64: 0 | Q64: 0 | R64: 0 | S64: 0 | T64: 0 | U64: 0 | V64: 0 | W64: 0 | X64: 1 | Y64: 0 | Z64: 0 | AL64: Some college but no degree | AM64: Maybe | AN64: Maybe | AO64: Maybe | AP64: Maybe | AQ64: Maybe | AR64: Employed full-time | AS64: Female | AT64: Some college but no degree | AU64: 0 | AV64: 0 | AW64: 0 | AX64: 1 | AY64: 0 | AZ64: 58_76
A65: 0 | B65: 1 | C65: 0 | D65: 0 | E65: 1 | F65: 0 | G65: 0 | H65: 0 | I65: 0 | L65: 0 | M65: 0 | N65: 0 | O65: 1 | P65: 0 | Q65: 0 | AA65: Not applicable to my device(s) | AB65: Main reason | AC65: Secondary reason | AD65: Not applicable to my device(s) | AE65: Not applicable to my device(s) | AF65: Not applicable to my device(s) | AG65: Not applicable to my device(s) | AH65: Not a reason | AI65: All weekdays | AJ65: Both Saturday and Sunday | AK65: Always (day and night) | AL65: Some college but no degree | AM65: Yes | AN65: Yes | AO65: Yes | AP65: Yes | AQ65: Yes | AR65: Employed full-time | AS65: Female | AT65: Some college but no degree | AU65: 0 | AV65: 0 | AW65: 0 | AX65: 1 | AY65: 0 | AZ65: 58_76
A66: 1 | B66: 0 | C66: 0 | D66: 0 | E66: 0 | F66: 1 | G66: 0 | H66: 0 | I66: 0 | J66: All weekdays | K66: Both Saturday and Sunday | L66: 1 | M66: 0 | N66: 0 | O66: 0 | P66: 0 | Q66: 0 | R66: 0 | S66: 1 | T66: 0 | U66: 0 | V66: 0 | W66: 0 | X66: 0 | Y66: 0 | Z66: 0 | AL66: Graduate degree | AM66: Yes | AN66: Yes | AO66: Yes | AP66: Maybe | AQ66: Maybe | AR66: Employed part-time | AS66: Female | AT66: Graduate degree | AU66: 0 | AV66: 0 | AW66: 0 | AX66: 1 | AY66: 0 | AZ66: 42_57
A67: 1 | B67: 0 | C67: 0 | D67: 0 | E67: 0 | F67: 1 | G67: 1 | H67: 1 | I67: 0 | J67: All weekdays | K67: Both Saturday and Sunday | L67: 0 | M67: 0 | N67: 1 | O67: 0 | P67: 0 | Q67: 0 | AA67: Secondary reason | AB67: Main reason | AC67: Main reason | AD67: Main reason | AE67: Main reason | AF67: Not a reason | AG67: Secondary reason | AH67: Secondary reason | AI67: All weekdays | AJ67: Both Saturday and Sunday | AK67: Always (day and night) | AL67: Graduate degree | AM67: Yes | AN67: Yes | AO67: Yes | AP67: Yes | AQ67: Yes | AR67: Retired, not looking for work | AS67: Female | AT67: Graduate degree | AU67: 0 | AV67: 0 | AW67: 0 | AX67: 1 | AY67: 0 | AZ67: 58_76
A68: 1 | B68: 0 | C68: 0 | D68: 0 | E68: 1 | F68: 0 | G68: 0 | H68: 0 | I68: 0 | L68: 1 | M68: 0 | N68: 0 | O68: 0 | P68: 0 | Q68: 0 | R68: 0 | S68: 0 | T68: 0 | U68: 0 | V68: 0 | W68: 0 | X68: 1 | Y68: 0 | Z68: 0 | AL68: Graduate degree | AM68: No | AR68: Employed full-time | AS68: Female | AT68: Graduate degree | AU68: 0 | AV68: 0 | AW68: 0 | AX68: 1 | AY68: 0 | AZ68: 58_76
A69: 0 | B69: 1 | C69: 0 | D69: 0 | E69: 0 | F69: 1 | G69: 1 | H69: 1 | I69: 0 | J69: All weekdays | K69: Both Saturday and Sunday | L69: 0 | M69: 1 | N69: 0 | O69: 0 | P69: 0 | Q69: 0 | AA69: Not applicable to my device(s) | AB69: Main reason | AC69: Main reason | AD69: Main reason | AE69: Secondary reason | AF69: Not applicable to my device(s) | AG69: Secondary reason | AH69: Secondary reason | AI69: All weekdays | AJ69: Both Saturday and Sunday | AK69: Always (day and night) | AL69: Some college but no degree | AM69: Yes | AN69: Yes | AO69: Yes | AP69: Yes | AQ69: Yes | AR69: Not employed, but looking for work | AS69: Female | AT69: Some college but no degree | AU69: 0 | AV69: 0 | AW69: 0 | AX69: 1 | AY69: 1 | AZ69: 58_76
A70: 0 | B70: 1 | C70: 0 | D70: 0 | E70: 0 | F70: 0 | G70: 0 | H70: 0 | I70: 1 | J70: Some weekdays | K70: Both Saturday and Sunday | L70: 0 | M70: 0 | N70: 0 | O70: 1 | P70: 0 | Q70: 0 | AA70: Not a reason | AB70: Main reason | AC70: Secondary reason | AD70: Main reason | AE70: Not a reason | AF70: Secondary reason | AG70: Not a reason | AH70: Not a reason | AI70: All weekdays | AJ70: Both Saturday and Sunday | AK70: Always (day and night) | AL70: Graduate degree | AM70: Yes | AN70: Yes | AO70: Yes | AP70: Yes | AQ70: Yes | AR70: Disabled, not able to work | AS70: Female | AT70: Graduate degree | AU70: 0 | AV70: 0 | AW70: 0 | AX70: 1 | AY70: 0 | AZ70: 58_76
A71: 0 | B71: 1 | C71: 0 | D71: 0 | E71: 1 | F71: 0 | G71: 0 | H71: 0 | I71: 0 | L71: 1 | M71: 0 | N71: 0 | O71: 0 | P71: 0 | Q71: 0 | R71: 0 | S71: 1 | T71: 0 | U71: 0 | V71: 0 | W71: 0 | X71: 0 | Y71: 0 | Z71: 0 | AL71: Some college but no degree | AM71: Yes | AN71: Yes | AO71: Yes | AP71: Maybe | AQ71: Maybe | AR71: Retired, not looking for work | AS71: Male | AT71: Some college but no degree | AU71: 1 | AV71: 0 | AW71: 0 | AX71: 0 | AY71: 0 | AZ71: 77+
A72: 1 | B72: 0 | C72: 0 | D72: 0 | E72: 0 | F72: 1 | G72: 1 | H72: 0 | I72: 0 | J72: All weekdays | K72: Both Saturday and Sunday | L72: 0 | M72: 0 | N72: 1 | O72: 0 | P72: 0 | Q72: 0 | AA72: Secondary reason | AB72: Secondary reason | AC72: Not a reason | AD72: Secondary reason | AE72: Secondary reason | AF72: Secondary reason | AG72: Main reason | AH72: Not a reason | AI72: All weekdays | AJ72: Both Saturday and Sunday | AK72: Daytime only | AL72: Graduate degree | AM72: Maybe | AN72: Yes | AO72: Yes | AP72: Yes | AQ72: Maybe | AR72: Not employed, but looking for work | AS72: Male | AT72: Graduate degree | AU72: 1 | AV72: 0 | AW72: 0 | AX72: 0 | AY72: 0 | AZ72: 58_76
A73: 1 | B73: 0 | C73: 0 | D73: 0 | E73: 1 | F73: 0 | G73: 0 | H73: 0 | I73: 0 | L73: 0 | M73: 0 | N73: 1 | O73: 0 | P73: 0 | Q73: 0 | AA73: Not a reason | AB73: Secondary reason | AC73: Not a reason | AD73: Secondary reason | AE73: Main reason | AF73: Secondary reason | AG73: Not a reason | AH73: Secondary reason | AI73: All weekdays | AJ73: Varies from weekend to weekend | AK73: Always (day and night) | AL73: Graduate degree | AM73: Yes | AN73: Yes | AO73: Yes | AP73: Yes | AQ73: Yes | AR73: Not employed, not looking for work | AS73: Female | AT73: Graduate degree | AU73: 1 | AV73: 0 | AW73: 0 | AX73: 0 | AY73: 0 | AZ73: 26_41
A74: 0 | B74: 1 | C74: 0 | D74: 0 | E74: 1 | F74: 0 | G74: 0 | H74: 0 | I74: 0 | L74: 1 | M74: 0 | N74: 0 | O74: 0 | P74: 0 | Q74: 0 | R74: 0 | S74: 0 | T74: 0 | U74: 0 | V74: 0 | W74: 0 | X74: 0 | Y74: 0 | Z74: 1 | AL74: Some college but no degree | AM74: No | AR74: Disabled, not able to work | AS74: Male | AT74: Some college but no degree | AU74: 1 | AV74: 0 | AW74: 0 | AX74: 0 | AY74: 0 | AZ74: 77+
A75: 0 | B75: 1 | C75: 0 | D75: 0 | E75: 0 | F75: 1 | G75: 1 | H75: 1 | I75: 0 | J75: All weekdays | K75: Both Saturday and Sunday | L75: 0 | M75: 1 | N75: 0 | O75: 0 | P75: 0 | Q75: 1 | AA75: Not a reason | AB75: Main reason | AC75: Secondary reason | AD75: Main reason | AE75: Not a reason | AF75: Not applicable to my device(s) | AG75: Not applicable to my device(s) | AH75: Not a reason | AI75: All weekdays | AJ75: Both Saturday and Sunday | AK75: Irregular times (no set times) | AL75: Some college but no degree | AM75: Maybe | AN75: Yes | AO75: Yes | AP75: Yes | AQ75: No | AR75: Not employed, but looking for work | AS75: Female | AT75: Some college but no degree | AU75: 1 | AV75: 0 | AW75: 0 | AX75: 0 | AY75: 0 | AZ75: 42_57
A76: 1 | B76: 0 | C76: 0 | D76: 0 | E76: 1 | F76: 0 | G76: 0 | H76: 0 | I76: 0 | L76: 0 | M76: 1 | N76: 0 | O76: 0 | P76: 0 | Q76: 0 | AA76: Not applicable to my device(s) | AB76: Main reason | AC76: Secondary reason | AD76: Not a reason | AE76: Not applicable to my device(s) | AF76: Not applicable to my device(s) | AG76: Not applicable to my device(s) | AH76: Not a reason | AI76: All weekdays | AJ76: Both Saturday and Sunday | AK76: Always (day and night) | AL76: Graduate degree | AM76: Yes | AN76: Yes | AO76: Yes | AP76: Yes | AQ76: Yes | AR76: Retired, not looking for work | AS76: Female | AT76: Graduate degree | AU76: 1 | AV76: 0 | AW76: 0 | AX76: 0 | AY76: 0 | AZ76: 77+
A77: 0 | B77: 1 | C77: 0 | D77: 0 | E77: 0 | F77: 1 | G77: 0 | H77: 0 | I77: 0 | J77: All weekdays | K77: Varies from weekend to weekend | L77: 0 | M77: 0 | N77: 0 | O77: 0 | P77: 1 | Q77: 0 | AA77: Not a reason | AB77: Main reason | AC77: Not a reason | AD77: Secondary reason | AE77: Main reason | AF77: Not a reason | AG77: Not a reason | AH77: Not a reason | AI77: All weekdays | AJ77: Varies from weekend to weekend | AK77: Daytime only | AL77: High school graduate | AM77: Yes | AN77: Yes | AO77: Yes | AP77: Maybe | AQ77: Maybe | AR77: Employed part-time | AS77: Female | AT77: High school graduate | AU77: 0 | AV77: 0 | AW77: 0 | AX77: 1 | AY77: 0 | AZ77: 42_57
A78: 0 | B78: 1 | C78: 1 | D78: 0 | E78: 1 | F78: 0 | G78: 0 | H78: 0 | I78: 0 | L78: 1 | M78: 0 | N78: 0 | O78: 0 | P78: 0 | Q78: 0 | R78: 0 | S78: 0 | T78: 1 | U78: 0 | V78: 0 | W78: 0 | X78: 0 | Y78: 0 | Z78: 0 | AL78: College graduate | AM78: Yes | AN78: Yes | AO78: Yes | AP78: Yes | AQ78: Yes | AR78: Disabled, not able to work | AS78: Female | AT78: College graduate | AU78: 1 | AV78: 0 | AW78: 0 | AX78: 0 | AY78: 0 | AZ78: 58_76
A79: 1 | B79: 0 | C79: 0 | D79: 0 | E79: 0 | F79: 1 | G79: 0 | H79: 1 | I79: 0 | J79: Varies from week to week | K79: Varies from weekend to weekend | L79: 1 | M79: 0 | N79: 0 | O79: 0 | P79: 0 | Q79: 0 | R79: 0 | S79: 0 | T79: 1 | U79: 0 | V79: 0 | W79: 0 | X79: 0 | Y79: 0 | Z79: 0 | AL79: Graduate degree | AM79: No | AR79: Employed full-time | AS79: Female | AT79: Graduate degree | AU79: 1 | AV79: 0 | AW79: 0 | AX79: 0 | AY79: 0 | AZ79: 58_76
A80: 0 | B80: 1 | C80: 0 | D80: 0 | E80: 0 | F80: 0 | G80: 1 | H80: 0 | I80: 0 | J80: Some weekdays | K80: Saturday only | L80: 1 | M80: 0 | N80: 0 | O80: 0 | P80: 0 | Q80: 0 | R80: 0 | S80: 0 | T80: 1 | U80: 0 | V80: 1 | W80: 0 | X80: 0 | Y80: 1 | Z80: 0 | AL80: Graduate degree | AM80: No | AR80: Employed full-time | AS80: Male | AT80: Graduate degree | AU80: 1 | AV80: 0 | AW80: 0 | AX80: 0 | AY80: 0 | AZ80: 42_57
A81: 1 | B81: 0 | C81: 0 | D81: 0 | E81: 0 | F81: 1 | G81: 1 | H81: 0 | I81: 0 | J81: All weekdays | K81: Both Saturday and Sunday | L81: 0 | M81: 0 | N81: 1 | O81: 0 | P81: 0 | Q81: 0 | AA81: Secondary reason | AB81: Main reason | AC81: Not a reason | AD81: Main reason | AE81: Main reason | AF81: Secondary reason | AG81: Not a reason | AH81: Not a reason | AI81: All weekdays | AJ81: Both Saturday and Sunday | AK81: Always (day and night) | AL81: Graduate degree | AM81: Yes | AN81: Yes | AO81: Yes | AP81: Maybe | AQ81: Maybe | AR81: Retired, not looking for work | AS81: Female | AT81: Graduate degree | AU81: 1 | AV81: 0 | AW81: 0 | AX81: 0 | AY81: 0 | AZ81: 58_76
A82: 0 | B82: 1 | C82: 0 | D82: 0 | E82: 1 | F82: 0 | G82: 0 | H82: 0 | I82: 0 | L82: 1 | M82: 0 | N82: 0 | O82: 0 | P82: 0 | Q82: 0 | R82: 0 | S82: 0 | T82: 0 | U82: 0 | V82: 0 | W82: 0 | X82: 1 | Y82: 0 | Z82: 0 | AL82: College graduate | AM82: No | AR82: Retired, not looking for work | AS82: Female | AT82: College graduate | AU82: 1 | AV82: 0 | AW82: 0 | AX82: 0 | AY82: 0 | AZ82: 58_76
A83: 0 | B83: 1 | C83: 0 | D83: 0 | E83: 0 | F83: 1 | G83: 1 | H83: 1 | I83: 0 | J83: All weekdays | K83: Both Saturday and Sunday | L83: 1 | M83: 0 | N83: 0 | O83: 0 | P83: 0 | Q83: 0 | R83: 0 | S83: 0 | T83: 1 | U83: 0 | V83: 0 | W83: 0 | X83: 0 | Y83: 0 | Z83: 0 | AL83: Graduate degree | AM83: Yes | AN83: Yes | AO83: Yes | AP83: Yes | AQ83: Yes | AR83: Not employed, but looking for work | AS83: Female | AT83: Graduate degree | AU83: 1 | AV83: 0 | AW83: 0 | AX83: 0 | AY83: 0 | AZ83: 42_57
A84: 1 | B84: 0 | C84: 0 | D84: 0 | E84: 0 | F84: 1 | G84: 1 | H84: 1 | I84: 0 | J84: Some weekdays | K84: Varies from weekend to weekend | L84: 0 | M84: 0 | N84: 1 | O84: 0 | P84: 0 | Q84: 0 | AA84: Main reason | AB84: Main reason | AC84: Secondary reason | AD84: Secondary reason | AE84: Main reason | AF84: Main reason | AG84: Not a reason | AH84: Not a reason | AI84: All weekdays | AJ84: Varies from weekend to weekend | AK84: Daytime only | AL84: Graduate degree | AM84: Yes | AN84: Yes | AO84: Yes | AP84: Yes | AQ84: Yes | AR84: Employed full-time | AS84: Female | AT84: Graduate degree | AU84: 0 | AV84: 0 | AW84: 0 | AX84: 1 | AY84: 0 | AZ84: 42_57
A85: 1 | B85: 0 | C85: 0 | D85: 0 | E85: 1 | F85: 0 | G85: 0 | H85: 0 | I85: 0 | L85: 1 | M85: 0 | N85: 0 | O85: 0 | P85: 0 | Q85: 0 | R85: 0 | S85: 0 | T85: 0 | U85: 0 | V85: 0 | W85: 0 | X85: 1 | Y85: 1 | Z85: 1 | AL85: College graduate | AM85: Maybe | AN85: Yes | AO85: No | AP85: Yes | AQ85: No | AR85: Not employed, not looking for work | AS85: Female | AT85: College graduate | AU85: 1 | AV85: 0 | AW85: 0 | AX85: 0 | AY85: 0 | AZ85: 42_57
A86: 1 | B86: 0 | C86: 0 | D86: 0 | E86: 1 | F86: 0 | G86: 0 | H86: 0 | I86: 0 | L86: 0 | M86: 1 | N86: 0 | O86: 0 | P86: 0 | Q86: 0 | AA86: Main reason | AB86: Not a reason | AC86: Secondary reason | AD86: Secondary reason | AE86: Main reason | AF86: Not a reason | AG86: Secondary reason | AH86: Not a reason | AI86: Varies from week to week | AJ86: Varies from weekend to weekend | AK86: Nighttime only | AL86: Graduate degree | AM86: Yes | AN86: Maybe | AO86: Maybe | AP86: Yes | AQ86: Maybe | AR86: Retired, not looking for work | AS86: Female | AT86: Graduate degree | AU86: 1 | AV86: 0 | AW86: 0 | AX86: 0 | AY86: 0 | AZ86: 77+
A87: 1 | B87: 0 | C87: 0 | D87: 0 | E87: 0 | F87: 1 | G87: 1 | H87: 1 | I87: 0 | J87: Varies from week to week | K87: Varies from weekend to weekend | L87: 0 | M87: 0 | N87: 1 | O87: 0 | P87: 0 | Q87: 1 | AA87: Not a reason | AB87: Secondary reason | AC87: Main reason | AD87: Secondary reason | AE87: Secondary reason | AF87: Not a reason | AG87: Secondary reason | AH87: Not a reason | AI87: All weekdays | AJ87: Both Saturday and Sunday | AK87: Always (day and night) | AL87: Graduate degree | AM87: Maybe | AN87: No | AO87: Maybe | AP87: Yes | AQ87: Maybe | AR87: Employed part-time | AS87: Gender Fluid/Queer | AT87: Graduate degree | AU87: 0 | AV87: 1 | AW87: 0 | AX87: 1 | AY87: 0 | AZ87: 42_57
A88: 1 | B88: 0 | C88: 0 | D88: 0 | E88: 0 | F88: 1 | G88: 0 | H88: 0 | I88: 0 | J88: All weekdays | K88: Both Saturday and Sunday | L88: 1 | M88: 0 | N88: 0 | O88: 0 | P88: 0 | Q88: 0 | R88: 0 | S88: 0 | T88: 0 | U88: 0 | V88: 0 | W88: 0 | X88: 0 | Y88: 0 | Z88: 1 | AL88: Graduate degree | AM88: Maybe | AN88: No | AO88: Yes | AP88: No | AQ88: No | AR88: Retired, not looking for work | AS88: Male | AT88: Graduate degree | AU88: 1 | AV88: 0 | AW88: 0 | AX88: 0 | AY88: 0 | AZ88: 58_76
A89: 1 | B89: 0 | C89: 0 | D89: 0 | E89: 1 | F89: 0 | G89: 0 | H89: 0 | I89: 0 | L89: 1 | M89: 0 | N89: 0 | O89: 0 | P89: 0 | Q89: 0 | R89: 0 | S89: 0 | T89: 0 | U89: 0 | V89: 0 | W89: 0 | X89: 1 | Y89: 0 | Z89: 0 | AL89: College graduate | AM89: No | AR89: Employed full-time | AS89: Female | AT89: College graduate | AU89: 0 | AV89: 0 | AW89: 0 | AX89: 1 | AY89: 0 | AZ89: 58_76
A90: 1 | B90: 0 | C90: 0 | D90: 0 | E90: 0 | F90: 1 | G90: 0 | H90: 0 | I90: 0 | J90: All weekdays | K90: Both Saturday and Sunday | L90: 0 | M90: 1 | N90: 0 | O90: 0 | P90: 0 | Q90: 0 | AA90: Not a reason | AB90: Main reason | AC90: Secondary reason | AD90: Secondary reason | AE90: Secondary reason | AF90: Not a reason | AG90: Not a reason | AH90: Not a reason | AI90: All weekdays | AJ90: Both Saturday and Sunday | AK90: Always (day and night) | AL90: College graduate | AM90: Yes | AN90: Yes | AO90: Yes | AP90: Yes | AQ90: Yes | AR90: Disabled, not able to work | AS90: Female | AT90: College graduate | AU90: 1 | AV90: 0 | AW90: 0 | AX90: 0 | AY90: 0 | AZ90: 58_76
A91: 1 | B91: 0 | C91: 0 | D91: 0 | E91: 1 | F91: 0 | G91: 0 | H91: 0 | I91: 0 | L91: 1 | M91: 0 | N91: 0 | O91: 0 | P91: 0 | Q91: 0 | R91: 0 | S91: 0 | T91: 1 | U91: 1 | V91: 0 | W91: 1 | X91: 0 | Y91: 0 | Z91: 0 | AL91: High school graduate | AM91: Maybe | AN91: Maybe | AO91: Maybe | AP91: Maybe | AQ91: Maybe | AR91: Retired, not looking for work | AS91: Female | AT91: High school graduate | AU91: 1 | AV91: 0 | AW91: 0 | AX91: 0 | AY91: 0 | AZ91: 58_76
A92: 1 | B92: 0 | C92: 0 | D92: 0 | E92: 0 | F92: 1 | G92: 0 | H92: 1 | I92: 0 | J92: All weekdays | K92: Both Saturday and Sunday | L92: 0 | M92: 0 | N92: 1 | O92: 0 | P92: 0 | Q92: 0 | AA92: Secondary reason | AB92: Main reason | AC92: Secondary reason | AD92: Secondary reason | AE92: Secondary reason | AF92: Secondary reason | AG92: Secondary reason | AH92: Not a reason | AI92: All weekdays | AJ92: Both Saturday and Sunday | AK92: Always (day and night) | AL92: College graduate | AM92: Yes | AN92: Yes | AO92: Yes | AP92: Maybe | AQ92: Maybe | AR92: Employed full-time | AS92: Male | AT92: College graduate | AU92: 1 | AV92: 0 | AW92: 0 | AX92: 0 | AY92: 0 | AZ92: 26_41
A93: 1 | B93: 0 | C93: 0 | D93: 0 | E93: 0 | F93: 0 | G93: 0 | H93: 0 | I93: 1 | J93: All weekdays | K93: Both Saturday and Sunday | L93: 0 | M93: 0 | N93: 1 | O93: 0 | P93: 0 | Q93: 0 | AA93: Secondary reason | AB93: Secondary reason | AC93: Not a reason | AD93: Not applicable to my device(s) | AE93: Main reason | AF93: Not a reason | AG93: Not a reason | AH93: Not a reason | AI93: All weekdays | AJ93: Both Saturday and Sunday | AK93: Always (day and night) | AL93: Graduate degree | AM93: Maybe | AN93: Maybe | AO93: Maybe | AP93: Yes | AQ93: Maybe | AR93: Retired, not looking for work | AS93: Female | AT93: Graduate degree | AU93: 1 | AV93: 0 | AW93: 0 | AX93: 0 | AY93: 0 | AZ93: 58_76
A94: 1 | B94: 0 | C94: 0 | D94: 0 | E94: 1 | F94: 0 | G94: 0 | H94: 0 | I94: 0 | L94: 1 | M94: 0 | N94: 0 | O94: 0 | P94: 0 | Q94: 0 | R94: 0 | S94: 0 | T94: 1 | U94: 0 | V94: 0 | W94: 0 | X94: 0 | Y94: 0 | Z94: 0 | AL94: College graduate | AM94: Yes | AN94: Yes | AO94: Yes | AP94: Yes | AQ94: Yes | AR94: Employed full-time | AS94: Female | AT94: College graduate | AU94: 1 | AV94: 0 | AW94: 0 | AX94: 0 | AY94: 0 | AZ94: 42_57
A95: 1 | B95: 0 | C95: 0 | D95: 0 | E95: 1 | F95: 0 | G95: 0 | H95: 0 | I95: 0 | L95: 1 | M95: 0 | N95: 0 | O95: 0 | P95: 0 | Q95: 0 | R95: 0 | S95: 0 | T95: 1 | U95: 0 | V95: 0 | W95: 0 | X95: 0 | Y95: 0 | Z95: 0 | AL95: College graduate | AM95: Maybe | AN95: Maybe | AO95: Maybe | AP95: No | AQ95: Yes | AR95: Retired, not looking for work | AS95: Female | AT95: College graduate | AU95: 0 | AV95: 0 | AW95: 0 | AX95: 1 | AY95: 0 | AZ95: 58_76
A96: 0 | B96: 1 | C96: 0 | D96: 0 | E96: 1 | F96: 0 | G96: 0 | H96: 0 | I96: 0 | L96: 1 | M96: 0 | N96: 0 | O96: 0 | P96: 0 | Q96: 0 | R96: 0 | S96: 1 | T96: 0 | U96: 0 | V96: 0 | W96: 0 | X96: 0 | Y96: 0 | Z96: 0 | AL96: Graduate degree | AM96: No | AR96: Retired, not looking for work | AS96: Male | AT96: Graduate degree | AU96: 1 | AV96: 0 | AW96: 0 | AX96: 0 | AY96: 0 | AZ96: 77+
A97: 0 | B97: 1 | C97: 0 | D97: 0 | E97: 1 | F97: 0 | G97: 0 | H97: 0 | I97: 0 | L97: 0 | M97: 1 | N97: 0 | O97: 0 | P97: 0 | Q97: 0 | AA97: Not a reason | AB97: Main reason | AC97: Not a reason | AD97: Main reason | AE97: Not a reason | AF97: Not a reason | AG97: Not a reason | AH97: Not a reason | AI97: All weekdays | AJ97: Both Saturday and Sunday | AK97: Always (day and night) | AL97: Some college but no degree | AM97: Yes | AN97: No | AO97: Yes | AP97: No | AQ97: No | AR97: Disabled, not able to work | AS97: Female | AT97: Some college but no degree | AU97: 1 | AV97: 0 | AW97: 0 | AX97: 0 | AY97: 0 | AZ97: 42_57
A98: 1 | B98: 1 | C98: 0 | D98: 0 | E98: 0 | F98: 1 | G98: 1 | H98: 0 | I98: 0 | J98: All weekdays | K98: Both Saturday and Sunday | L98: 0 | M98: 0 | N98: 0 | O98: 1 | P98: 0 | Q98: 0 | AA98: Not a reason | AB98: Main reason | AC98: Not a reason | AD98: Main reason | AE98: Secondary reason | AF98: Not applicable to my device(s) | AG98: Not a reason | AH98: Secondary reason | AI98: All weekdays | AJ98: Both Saturday and Sunday | AK98: Always (day and night) | AL98: Graduate degree | AM98: Maybe | AN98: Maybe | AO98: Yes | AP98: No | AQ98: Maybe | AR98: Not employed, but looking for work | AS98: Female | AT98: Graduate degree | AU98: 1 | AV98: 0 | AW98: 0 | AX98: 0 | AY98: 0 | AZ98: 26_41
A99: 0 | B99: 1 | C99: 0 | D99: 0 | E99: 1 | F99: 0 | G99: 0 | H99: 0 | I99: 0 | L99: 1 | M99: 0 | N99: 0 | O99: 0 | P99: 0 | Q99: 0 | R99: 0 | S99: 1 | T99: 0 | U99: 0 | V99: 0 | W99: 0 | X99: 0 | Y99: 0 | Z99: 0 | AL99: High school graduate | AM99: Maybe | AN99: Yes | AO99: Yes | AP99: Yes | AQ99: Yes | AR99: Disabled, not able to work | AS99: Female | AT99: High school graduate | AU99: 1 | AV99: 0 | AW99: 0 | AX99: 0 | AY99: 0 | AZ99: 58_76
A100: 1 | B100: 0 | C100: 0 | D100: 0 | E100: 0 | F100: 1 | G100: 1 | H100: 1 | I100: 0 | J100: Some weekdays | K100: Varies from weekend to weekend | L100: 0 | M100: 0 | N100: 1 | O100: 0 | P100: 0 | Q100: 0 | AA100: Not a reason | AB100: Main reason | AC100: Secondary reason | AD100: Secondary reason | AE100: Secondary reason | AF100: Not applicable to my device(s) | AG100: Secondary reason | AH100: Not a reason | AI100: All weekdays | AJ100: Both Saturday and Sunday | AK100: Always (day and night) | AL100: College graduate | AM100: Maybe | AN100: Yes | AO100: Maybe | AP100: Yes | AQ100: Maybe | AR100: Employed full-time | AS100: Female | AT100: College graduate | AU100: 1 | AV100: 0 | AW100: 0 | AX100: 0 | AY100: 0 | AZ100: 42_57
...

Sheet Clean
A1: Own a smart phone_Yes-iPhone (iApple/iOS) | B1: Own a smart phone_Yes-Android (Samsung Galaxy, Google Pixel, OnePlus, Motorola, Nokia) | C1: Own a smart phone_Yes, some other smartphone (please provide) | D1: Own a smart phone_No | E1: Smartphone for activity tracking_No | F1: Smartphone for activity tracking_Fitness and workout monitoring (heart rate, step tracking, jogging, etc.) | G1: Smartphone for activity tracking_Health tracking (blood oxygen, heart rhythm, women's health such as ovulation tracking, etc.) | H1: Smartphone for activity tracking_Sleep monitoring (sleep duration, sleep quality, etc.) | I1: Smartphone for activity tracking_Other activity tracking (please describe) | J1: Weekdays smartphone activity tracked | K1: Weekends smartphone activity tracked | L1: Wearable device ownership_None | M1: Wearable device ownership_Fitbit | N1: Wearable device ownership_Apple Watch | O1: Wearable device ownership_Garmin | P1: Wearable device ownership_Samsung | Q1: Wearable device ownership_Other | R1: Reasons for not owning wearable devices_I want one, I just don't have one yet | S1: Reasons for not owning wearable devices_No particular reason | T1: Reasons for not owning wearable devices_Too expensive | U1: Reasons for not owning wearable devices_Too hard to read | V1: Reasons for not owning wearable devices_Don't trust that they work correctly | W1: Reasons for not owning wearable devices_Don't know enough about them | X1: Reasons for not owning wearable devices_Not interested in tracking | Y1: Reasons for not owning wearable devices_Privacy reasons | Z1: Reasons for not owning wearable devices_Some other reason not listed (please provide) | AA1: Wearable device usage by reason_Apps (social media, news, etc.) | AB1: Wearable device usage by reason_Fitness and workout monitoring (heart rate, step tracking, jogging, etc.) | AC1: Wearable device usage by reason_Sleep monitoring (sleep duration, sleep quality, etc.) | AD1: Wearable device usage by reason_Health tracking (blood oxygen, heart rhythm, women's health such as ovulation tracking, etc.) | AE1: Wearable device usage by reason_Phone calls, emails, texting | AF1: Wearable device usage by reason_Music, audiobooks, or podcasts | AG1: Wearable device usage by reason_Navigation (GPS) | AH1: Wearable device usage by reason_Wear for fashion | AI1: Weekdays wearable device worn | AJ1: Weekends wearable device worn | AK1: Time of day wearable device worn | AL1: Highest level of education | AM1: Interest in future research opportunities | AN1: Types of activities comfortable sharing _Health tracking (blood oxygen, heart rhythm, women's health such as ovulation tracking, etc.) | AO1: Types of activities comfortable sharing _Fitness and workout monitoring (heart rate, step tracking, jogging, etc.) | AP1: Types of activities comfortable sharing _Sleep monitoring (sleep duration, sleep quality, etc.) | AQ1: Types of activities comfortable sharing _Self-reported measures from health and fitness apps (mindfulness and mood, water intake, food logs, women's health, etc.) | AR1: Employment Status | AS1: Gender | AT1: Race / Ethnicity_Black or African American | AU1: Race / Ethnicity_Asian or Asian American | AV1: Race / Ethnicity_Hispanic | AW1: Race / Ethnicity_White or Caucasian | AX1: Race / Ethnicity - Other | AY1: generation_age_group
A2: 0 | B2: 1 | C2: 0 | D2: 0 | E2: 1 | F2: 0 | G2: 0 | H2: 0 | I2: 0 | L2: 1 | M2: 0 | N2: 0 | O2: 0 | P2: 0 | Q2: 0 | R2: 0 | S2: 1 | T2: 0 | U2: 0 | V2: 0 | W2: 0 | X2: 0 | Y2: 0 | Z2: 0 | AL2: Graduate degree | AM2: No | AR2: Employed full-time | AS2: Female | AT2: 0 | AU2: 0 | AV2: 0 | AW2: 1 | AX2: 0 | AY2: 42_57
A3: 1 | B3: 0 | C3: 0 | D3: 0 | E3: 0 | F3: 1 | G3: 0 | H3: 0 | I3: 0 | J3: Varies from week to week | K3: Varies from weekend to weekend | L3: 0 | M3: 0 | N3: 1 | O3: 0 | P3: 0 | Q3: 0 | AA3: Secondary reason | AB3: Main reason | AC3: Not a reason | AD3: Secondary reason | AE3: Main reason | AF3: Not a reason | AG3: Not a reason | AH3: Not a reason | AI3: Varies from week to week | AJ3: Varies from weekend to weekend | AK3: Daytime only | AL3: Graduate degree | AM3: Maybe | AN3: Maybe | AO3: Yes | AP3: Maybe | AQ3: Maybe | AR3: Employed full-time | AS3: Female | AT3: 0 | AU3: 0 | AV3: 0 | AW3: 1 | AX3: 0 | AY3: 42_57
A4: 1 | B4: 0 | C4: 0 | D4: 0 | E4: 0 | F4: 1 | G4: 1 | H4: 1 | I4: 0 | J4: All weekdays | K4: Both Saturday and Sunday | L4: 0 | M4: 0 | N4: 1 | O4: 0 | P4: 0 | Q4: 0 | AA4: Not a reason | AB4: Main reason | AC4: Secondary reason | AD4: Secondary reason | AE4: Main reason | AF4: Not a reason | AG4: Not applicable to my device(s) | AH4: Secondary reason | AI4: All weekdays | AJ4: Both Saturday and Sunday | AK4: Daytime only | AL4: Graduate degree | AM4: Yes | AN4: Yes | AO4: Yes | AP4: Maybe | AQ4: Yes | AR4: Employed full-time | AS4: Male | AT4: 1 | AU4: 0 | AV4: 0 | AW4: 0 | AX4: 0 | AY4: 26_41
A5: 1 | B5: 0 | C5: 0 | D5: 0 | E5: 0 | F5: 0 | G5: 0 | H5: 0 | I5: 1 | J5: Varies from week to week | K5: Varies from weekend to weekend | L5: 1 | M5: 0 | N5: 0 | O5: 0 | P5: 0 | Q5: 0 | R5: 0 | S5: 1 | T5: 0 | U5: 0 | V5: 0 | W5: 0 | X5: 0 | Y5: 0 | Z5: 0 | AL5: Some college but no degree | AM5: Yes | AN5: Yes | AO5: Yes | AP5: Yes | AQ5: Maybe | AR5: Retired, not looking for work | AS5: Male | AT5: 1 | AU5: 0 | AV5: 0 | AW5: 0 | AX5: 0 | AY5: 58_76
A6: 1 | B6: 0 | C6: 0 | D6: 0 | E6: 0 | F6: 1 | G6: 0 | H6: 1 | I6: 0 | J6: All weekdays | K6: Both Saturday and Sunday | L6: 0 | M6: 0 | N6: 1 | O6: 0 | P6: 0 | Q6: 0 | AA6: Not a reason | AB6: Main reason | AC6: Secondary reason | AD6: Secondary reason | AE6: Secondary reason | AF6: Secondary reason | AG6: Secondary reason | AH6: Secondary reason | AI6: All weekdays | AJ6: Both Saturday and Sunday | AK6: Always (day and night) | AL6: Graduate degree | AM6: Maybe | AN6: No | AO6: Yes | AP6: Yes | AQ6: No | AR6: Disabled, not able to work | AS6: Female | AT6: 0 | AU6: 0 | AV6: 0 | AW6: 1 | AX6: 0 | AY6: 58_76
A7: 1 | B7: 0 | C7: 0 | D7: 0 | E7: 0 | F7: 1 | G7: 0 | H7: 0 | I7: 0 | J7: All weekdays | K7: Both Saturday and Sunday | L7: 0 | M7: 1 | N7: 0 | O7: 0 | P7: 0 | Q7: 0 | AA7: Not applicable to my device(s) | AB7: Main reason | AC7: Secondary reason | AD7: Main reason | AE7: Not a reason | AF7: Not applicable to my device(s) | AG7: Not applicable to my device(s) | AH7: Not a reason | AI7: All weekdays | AJ7: Both Saturday and Sunday | AK7: Always (day and night) | AL7: Graduate degree | AM7: Maybe | AN7: No | AO7: Yes | AP7: Yes | AQ7: Maybe | AR7: Retired, not looking for work | AS7: Female | AT7: 0 | AU7: 0 | AV7: 0 | AW7: 1 | AX7: 0 | AY7: 58_76
A8: 0 | B8: 1 | C8: 0 | D8: 0 | E8: 0 | F8: 0 | G8: 0 | H8: 0 | I8: 1 | J8: Varies from week to week | K8: Varies from weekend to weekend | L8: 1 | M8: 0 | N8: 0 | O8: 0 | P8: 0 | Q8: 0 | R8: 0 | S8: 0 | T8: 0 | U8: 0 | V8: 0 | W8: 0 | X8: 0 | Y8: 0 | Z8: 1 | AL8: Some college but no degree | AM8: No | AR8: Disabled, not able to work | AS8: Female | AT8: 0 | AU8: 0 | AV8: 0 | AW8: 1 | AX8: 0 | AY8: 58_76
A9: 1 | B9: 0 | C9: 0 | D9: 0 | E9: 0 | F9: 1 | G9: 0 | H9: 1 | I9: 0 | J9: All weekdays | K9: Both Saturday and Sunday | L9: 0 | M9: 1 | N9: 0 | O9: 0 | P9: 0 | Q9: 0 | AA9: Not a reason | AB9: Main reason | AC9: Secondary reason | AD9: Not a reason | AE9: Not a reason | AF9: Not a reason | AG9: Not applicable to my device(s) | AH9: Not a reason | AI9: All weekdays | AJ9: Both Saturday and Sunday | AK9: Always (day and night) | AL9: College graduate | AM9: Maybe | AN9: Maybe | AO9: Yes | AP9: Yes | AQ9: No | AR9: Employed part-time | AS9: Female | AT9: 0 | AU9: 0 | AV9: 0 | AW9: 1 | AX9: 0 | AY9: 58_76
A10: 1 | B10: 0 | C10: 0 | D10: 0 | E10: 1 | F10: 0 | G10: 0 | H10: 0 | I10: 0 | L10: 1 | M10: 0 | N10: 0 | O10: 0 | P10: 0 | Q10: 0 | R10: 1 | S10: 0 | T10: 0 | U10: 0 | V10: 0 | W10: 0 | X10: 0 | Y10: 0 | Z10: 0 | AL10: College graduate | AM10: Yes | AN10: Yes | AO10: Yes | AP10: Yes | AQ10: Maybe | AR10: Employed part-time | AS10: Female | AT10: 0 | AU10: 0 | AV10: 0 | AW10: 1 | AX10: 0 | AY10: 42_57
A11: 1 | B11: 0 | C11: 0 | D11: 0 | E11: 1 | F11: 0 | G11: 0 | H11: 0 | I11: 0 | L11: 1 | M11: 0 | N11: 0 | O11: 0 | P11: 0 | Q11: 0 | R11: 0 | S11: 0 | T11: 1 | U11: 0 | V11: 0 | W11: 0 | X11: 0 | Y11: 0 | Z11: 0 | AL11: Graduate degree | AM11: Yes | AN11: Yes | AO11: Maybe | AP11: Yes | AQ11: Yes | AR11: Not employed, but looking for work | AS11: Female | AT11: 0 | AU11: 1 | AV11: 0 | AW11: 0 | AX11: 0 | AY11: 42_57
A12: 0 | B12: 1 | C12: 0 | D12: 0 | E12: 0 | F12: 0 | G12: 0 | H12: 0 | I12: 1 | J12: Varies from week to week | K12: Varies from weekend to weekend | L12: 0 | M12: 0 | N12: 0 | O12: 0 | P12: 1 | Q12: 1 | AA12: Secondary reason | AB12: Secondary reason | AC12: Not applicable to my device(s) | AD12: Not a reason | AE12: Main reason | AF12: Not applicable to my device(s) | AG12: Secondary reason | AH12: Secondary reason | AI12: All weekdays | AJ12: Both Saturday and Sunday | AK12: Irregular times (no set times) | AL12: Some college but no degree | AM12: Yes | AN12: Yes | AO12: Yes | AP12: Yes | AQ12: Yes | AR12: Disabled, not able to work | AS12: Female | AT12: 1 | AU12: 0 | AV12: 0 | AW12: 0 | AX12: 0 | AY12: 42_57
A13: 0 | B13: 1 | C13: 0 | D13: 0 | E13: 0 | F13: 1 | G13: 0 | H13: 1 | I13: 0 | J13: All weekdays | K13: Both Saturday and Sunday | L13: 0 | M13: 1 | N13: 0 | O13: 1 | P13: 0 | Q13: 0 | AA13: Not a reason | AB13: Main reason | AC13: Secondary reason | AD13: Secondary reason | AE13: Not a reason | AF13: Not a reason | AG13: Secondary reason | AH13: Not a reason | AI13: All weekdays | AJ13: Both Saturday and Sunday | AK13: Always (day and night) | AL13: Graduate degree | AM13: Yes | AN13: Yes | AO13: Yes | AP13: Yes | AQ13: No | AR13: Employed full-time | AS13: Female | AT13: 0 | AU13: 0 | AV13: 0 | AW13: 1 | AX13: 0 | AY13: 42_57
A14: 1 | B14: 0 | C14: 0 | D14: 0 | E14: 0 | F14: 1 | G14: 0 | H14: 0 | I14: 0 | J14: All weekdays | K14: Both Saturday and Sunday | L14: 0 | M14: 1 | N14: 0 | O14: 0 | P14: 0 | Q14: 0 | AA14: Not applicable to my device(s) | AB14: Main reason | AC14: Secondary reason | AD14: Secondary reason | AE14: Not applicable to my device(s) | AF14: Not applicable to my device(s) | AG14: Not a reason | AH14: Not a reason | AI14: All weekdays | AJ14: Both Saturday and Sunday | AK14: Daytime only | AL14: College graduate | AM14: Yes | AN14: Yes | AO14: Yes | AP14: Maybe | AQ14: Yes | AR14: Employed full-time | AS14: Female | AT14: 0 | AU14: 0 | AV14: 0 | AW14: 1 | AX14: 0 | AY14: 58_76
A15: 1 | B15: 0 | C15: 0 | D15: 0 | E15: 0 | F15: 1 | G15: 1 | H15: 0 | I15: 0 | J15: All weekdays | K15: Varies from weekend to weekend | L15: 0 | M15: 0 | N15: 1 | O15: 0 | P15: 0 | Q15: 0 | AA15: Secondary reason | AB15: Secondary reason | AC15: Not a reason | AD15: Secondary reason | AE15: Main reason | AF15: Secondary reason | AG15: Secondary reason | AH15: Not a reason | AI15: All weekdays | AJ15: Varies from weekend to weekend | AK15: Daytime only | AL15: Graduate degree | AM15: Yes | AN15: Yes | AO15: Yes | AP15: Maybe | AQ15: Yes | AR15: Employed full-time | AS15: Female | AT15: 0 | AU15: 0 | AV15: 0 | AW15: 0 | AX15: 1 | AY15: 42_57
A16: 1 | B16: 0 | C16: 0 | D16: 0 | E16: 0 | F16: 1 | G16: 1 | H16: 0 | I16: 0 | J16: All weekdays | K16: Both Saturday and Sunday | L16: 0 | M16: 0 | N16: 1 | O16: 0 | P16: 0 | Q16: 0 | AA16: Secondary reason | AB16: Main reason | AC16: Not a reason | AD16: Main reason | AE16: Main reason | AF16: Secondary reason | AG16: Main reason | AH16: Secondary reason | AI16: All weekdays | AJ16: Both Saturday and Sunday | AK16: Always (day and night) | AL16: Some college but no degree | AM16: Yes | AN16: Yes | AO16: Yes | AP16: Maybe | AQ16: Yes | AR16: Retired, not looking for work | AS16: Female | AT16: 0 | AU16: 0 | AV16: 0 | AW16: 1 | AX16: 0 | AY16: 42_57
A17: 1 | B17: 0 | C17: 0 | D17: 0 | E17: 0 | F17: 1 | G17: 0 | H17: 1 | I17: 0 | J17: All weekdays | K17: Both Saturday and Sunday | L17: 0 | M17: 1 | N17: 0 | O17: 0 | P17: 0 | Q17: 0 | AA17: Not applicable to my device(s) | AB17: Main reason | AC17: Main reason | AD17: Not a reason | AE17: Secondary reason | AF17: Not applicable to my device(s) | AG17: Not applicable to my device(s) | AH17: Not a reason | AI17: All weekdays | AJ17: Both Saturday and Sunday | AK17: Always (day and night) | AL17: College graduate | AM17: Maybe | AN17: Maybe | AO17: Maybe | AP17: Yes | AQ17: Maybe | AR17: Employed full-time | AS17: Female | AT17: 0 | AU17: 0 | AV17: 0 | AW17: 1 | AX17: 0 | AY17: 42_57
A18: 0 | B18: 1 | C18: 0 | D18: 0 | E18: 1 | F18: 0 | G18: 0 | H18: 0 | I18: 0 | L18: 1 | M18: 0 | N18: 0 | O18: 0 | P18: 0 | Q18: 0 | R18: 0 | S18: 0 | T18: 1 | U18: 0 | V18: 0 | W18: 0 | X18: 0 | Y18: 0 | Z18: 0 | AL18: High school graduate | AM18: Yes | AN18: No | AO18: No | AP18: No | AQ18: No | AR18: Retired, not looking for work | AS18: Female | AT18: 0 | AU18: 0 | AV18: 0 | AW18: 1 | AX18: 0 | AY18: 58_76
A19: 0 | B19: 1 | C19: 0 | D19: 0 | E19: 1 | F19: 0 | G19: 0 | H19: 0 | I19: 0 | L19: 1 | M19: 0 | N19: 0 | O19: 0 | P19: 0 | Q19: 0 | R19: 0 | S19: 0 | T19: 1 | U19: 0 | V19: 0 | W19: 0 | X19: 1 | Y19: 0 | Z19: 0 | AL19: College graduate | AM19: Yes | AN19: Maybe | AO19: No | AP19: Maybe | AQ19: Maybe | AR19: Retired, not looking for work | AS19: Female | AT19: 0 | AU19: 0 | AV19: 0 | AW19: 1 | AX19: 0 | AY19: 58_76
A20: 0 | B20: 1 | C20: 0 | D20: 0 | E20: 1 | F20: 0 | G20: 0 | H20: 0 | I20: 0 | L20: 0 | M20: 0 | N20: 0 | O20: 0 | P20: 0 | Q20: 1 | AA20: Not a reason | AB20: Secondary reason | AC20: Main reason | AD20: Secondary reason | AE20: Not a reason | AF20: Not a reason | AG20: Not a reason | AH20: Not a reason | AI20: All weekdays | AJ20: Both Saturday and Sunday | AK20: Always (day and night) | AL20: Some college but no degree | AM20: Maybe | AN20: Maybe | AO20: Maybe | AP20: Maybe | AQ20: No | AR20: Employed full-time | AS20: Female | AT20: 1 | AU20: 0 | AV20: 0 | AW20: 0 | AX20: 0 | AY20: 42_57
A21: 1 | B21: 0 | C21: 0 | D21: 0 | E21: 0 | F21: 0 | G21: 0 | H21: 0 | I21: 1 | J21: All weekdays | K21: Both Saturday and Sunday | L21: 1 | M21: 0 | N21: 0 | O21: 0 | P21: 0 | Q21: 0 | R21: 0 | S21: 1 | T21: 0 | U21: 0 | V21: 0 | W21: 0 | X21: 0 | Y21: 0 | Z21: 0 | AL21: Graduate degree | AM21: Maybe | AN21: Maybe | AO21: Maybe | AP21: Maybe | AQ21: No | AR21: Retired, not looking for work | AS21: Female | AT21: 0 | AU21: 0 | AV21: 0 | AW21: 1 | AX21: 0 | AY21: 58_76
A22: 0 | B22: 1 | C22: 0 | D22: 0 | E22: 1 | F22: 0 | G22: 0 | H22: 0 | I22: 0 | L22: 0 | M22: 1 | N22: 0 | O22: 0 | P22: 0 | Q22: 0 | AA22: Main reason | AB22: Main reason | AC22: Main reason | AD22: Main reason | AE22: Main reason | AF22: Main reason | AG22: Main reason | AH22: Main reason | AI22: All weekdays | AJ22: Both Saturday and Sunday | AK22: Always (day and night) | AL22: High school graduate | AM22: Maybe | AN22: Yes | AO22: Yes | AP22: Yes | AQ22: Yes | AR22: Employed part-time | AS22: Female | AT22: 1 | AU22: 0 | AV22: 0 | AW22: 0 | AX22: 0 | AY22: 42_57
A23: 1 | B23: 0 | C23: 0 | D23: 0 | E23: 0 | F23: 0 | G23: 0 | H23: 0 | I23: 1 | J23: Varies from week to week | K23: Varies from weekend to weekend | L23: 1 | M23: 0 | N23: 0 | O23: 0 | P23: 0 | Q23: 0 | R23: 0 | S23: 0 | T23: 0 | U23: 0 | V23: 0 | W23: 0 | X23: 1 | Y23: 0 | Z23: 0 | AL23: College graduate | AM23: No | AR23: Employed part-time | AS23: Female | AT23: 0 | AU23: 0 | AV23: 0 | AW23: 1 | AX23: 0 | AY23: 58_76
A24: 1 | B24: 0 | C24: 0 | D24: 0 | E24: 1 | F24: 0 | G24: 0 | H24: 0 | I24: 0 | L24: 1 | M24: 0 | N24: 0 | O24: 0 | P24: 0 | Q24: 0 | R24: 1 | S24: 0 | T24: 0 | U24: 0 | V24: 0 | W24: 0 | X24: 0 | Y24: 0 | Z24: 0 | AL24: College graduate | AM24: Yes | AN24: Yes | AO24: Yes | AP24: Yes | AQ24: Yes | AR24: Employed full-time | AS24: Female | AT24: 1 | AU24: 0 | AV24: 0 | AW24: 0 | AX24: 0 | AY24: 42_57
A25: 0 | B25: 1 | C25: 0 | D25: 0 | E25: 1 | F25: 0 | G25: 0 | H25: 0 | I25: 0 | L25: 1 | M25: 0 | N25: 0 | O25: 0 | P25: 0 | Q25: 0 | R25: 0 | S25: 1 | T25: 0 | U25: 0 | V25: 0 | W25: 0 | X25: 0 | Y25: 0 | Z25: 0 | AL25: High school graduate | AM25: No | AR25: Employed full-time | AS25: Female | AT25: 1 | AU25: 0 | AV25: 0 | AW25: 0 | AX25: 0 | AY25: 58_76
A26: 0 | B26: 1 | C26: 0 | D26: 0 | E26: 1 | F26: 0 | G26: 0 | H26: 0 | I26: 0 | L26: 1 | M26: 0 | N26: 0 | O26: 0 | P26: 0 | Q26: 0 | R26: 0 | S26: 0 | T26: 1 | U26: 0 | V26: 0 | W26: 0 | X26: 0 | Y26: 0 | Z26: 0 | AL26: College graduate | AM26: Yes | AN26: No | AO26: Yes | AP26: Yes | AQ26: Maybe | AR26: Disabled, not able to work | AS26: Female | AT26: 0 | AU26: 0 | AV26: 0 | AW26: 1 | AX26: 0 | AY26: 58_76
A27: 1 | B27: 0 | C27: 0 | D27: 0 | E27: 0 | F27: 1 | G27: 0 | H27: 0 | I27: 0 | J27: All weekdays | K27: Both Saturday and Sunday | L27: 0 | M27: 1 | N27: 0 | O27: 0 | P27: 0 | Q27: 0 | AA27: Secondary reason | AB27: Main reason | AC27: Main reason | AD27: Secondary reason | AE27: Secondary reason | AF27: Secondary reason | AG27: Secondary reason | AH27: Not a reason | AI27: All weekdays | AJ27: Both Saturday and Sunday | AK27: Always (day and night) | AL27: Graduate degree | AM27: Yes | AN27: Yes | AO27: Yes | AP27: Yes | AQ27: Yes | AR27: Retired, not looking for work | AS27: Female | AT27: 0 | AU27: 0 | AV27: 0 | AW27: 1 | AX27: 0 | AY27: 58_76
A28: 0 | B28: 1 | C28: 0 | D28: 0 | E28: 1 | F28: 0 | G28: 0 | H28: 0 | I28: 0 | L28: 0 | M28: 1 | N28: 0 | O28: 0 | P28: 1 | Q28: 0 | AA28: Not a reason | AB28: Main reason | AC28: Not a reason | AD28: Main reason | AE28: Not a reason | AF28: Not a reason | AG28: Not a reason | AH28: Not a reason | AI28: None | AJ28: None | AL28: Graduate degree | AM28: No | AR28: Not employed, but looking for work | AS28: Female | AT28: 0 | AU28: 0 | AV28: 0 | AW28: 0 | AX28: 1 | AY28: 42_57
A29: 1 | B29: 0 | C29: 0 | D29: 0 | E29: 1 | F29: 0 | G29: 0 | H29: 0 | I29: 0 | L29: 1 | M29: 0 | N29: 0 | O29: 0 | P29: 0 | Q29: 0 | R29: 0 | S29: 0 | T29: 0 | U29: 0 | V29: 0 | W29: 1 | X29: 0 | Y29: 0 | Z29: 0 | AL29: Graduate degree | AM29: Maybe | AN29: Maybe | AO29: Yes | AP29: Yes | AQ29: Yes | AR29: Employed full-time | AS29: Female | AT29: 0 | AU29: 0 | AV29: 0 | AW29: 1 | AX29: 0 | AY29: 42_57
A30: 1 | B30: 0 | C30: 0 | D30: 0 | E30: 0 | F30: 1 | G30: 1 | H30: 0 | I30: 0 | J30: All weekdays | K30: Varies from weekend to weekend | L30: 0 | M30: 0 | N30: 1 | O30: 0 | P30: 0 | Q30: 0 | AA30: Not a reason | AB30: Main reason | AC30: Not a reason | AD30: Main reason | AE30: Secondary reason | AF30: Not a reason | AG30: Not a reason | AH30: Secondary reason | AI30: All weekdays | AJ30: Varies from weekend to weekend | AK30: Daytime only | AL30: Some college but no degree | AM30: Yes | AN30: Yes | AO30: Yes | AP30: Yes | AQ30: Yes | AR30: Employed full-time | AS30: Female | AT30: 0 | AU30: 0 | AV30: 0 | AW30: 1 | AX30: 0 | AY30: 42_57
A31: 0 | B31: 1 | C31: 0 | D31: 0 | E31: 1 | F31: 0 | G31: 0 | H31: 0 | I31: 0 | L31: 1 | M31: 0 | N31: 0 | O31: 0 | P31: 0 | Q31: 0 | R31: 0 | S31: 0 | T31: 0 | U31: 0 | V31: 0 | W31: 0 | X31: 0 | Y31: 0 | Z31: 1 | AL31: Graduate degree | AM31: Maybe | AN31: Yes | AO31: No | AP31: Yes | AQ31: No | AR31: Retired, not looking for work | AS31: Female | AT31: 0 | AU31: 0 | AV31: 0 | AW31: 1 | AX31: 0 | AY31: 58_76
A32: 0 | B32: 1 | C32: 0 | D32: 0 | E32: 0 | F32: 0 | G32: 0 | H32: 0 | I32: 1 | J32: All weekdays | K32: Both Saturday and Sunday | L32: 1 | M32: 0 | N32: 0 | O32: 0 | P32: 0 | Q32: 0 | R32: 0 | S32: 0 | T32: 0 | U32: 0 | V32: 0 | W32: 1 | X32: 0 | Y32: 0 | Z32: 1 | AL32: Some college but no degree | AM32: Yes | AN32: Maybe | AO32: No | AP32: Maybe | AQ32: Yes | AR32: Employed full-time | AS32: Female | AT32: 0 | AU32: 0 | AV32: 0 | AW32: 1 | AX32: 0 | AY32: 58_76
A33: 1 | B33: 0 | C33: 0 | D33: 0 | E33: 0 | F33: 1 | G33: 0 | H33: 0 | I33: 0 | J33: All weekdays | K33: Both Saturday and Sunday | L33: 0 | M33: 1 | N33: 0 | O33: 0 | P33: 0 | Q33: 0 | AA33: Not applicable to my device(s) | AB33: Main reason | AC33: Secondary reason | AD33: Not a reason | AE33: Not a reason | AF33: Not applicable to my device(s) | AG33: Not a reason | AH33: Not a reason | AI33: All weekdays | AJ33: Both Saturday and Sunday | AK33: Daytime only | AL33: Graduate degree | AM33: Maybe | AN33: Maybe | AO33: Yes | AP33: Yes | AQ33: Yes | AR33: Retired, not looking for work | AS33: Female | AT33: 0 | AU33: 0 | AV33: 0 | AW33: 1 | AX33: 0 | AY33: 58_76
A34: 1 | B34: 0 | C34: 0 | D34: 0 | E34: 0 | F34: 0 | G34: 0 | H34: 0 | I34: 1 | J34: All weekdays | K34: Both Saturday and Sunday | L34: 0 | M34: 1 | N34: 0 | O34: 0 | P34: 0 | Q34: 0 | AA34: Not applicable to my device(s) | AB34: Main reason | AC34: Not a reason | AD34: Not applicable to my device(s) | AE34: Not applicable to my device(s) | AF34: Not applicable to my device(s) | AG34: Not applicable to my device(s) | AH34: Not a reason | AI34: Some weekdays | AJ34: Varies from weekend to weekend | AK34: Daytime only | AL34: Graduate degree | AM34: Yes | AN34: Maybe | AO34: Maybe | AP34: Maybe | AQ34: Maybe | AR34: Employed full-time | AS34: Female | AT34: 0 | AU34: 0 | AV34: 0 | AW34: 1 | AX34: 0 | AY34: 58_76
A35: 0 | B35: 1 | C35: 0 | D35: 0 | E35: 0 | F35: 0 | G35: 0 | H35: 1 | I35: 0 | J35: Some weekdays | K35: Varies from weekend to weekend | L35: 0 | M35: 1 | N35: 0 | O35: 0 | P35: 0 | Q35: 0 | AA35: Not a reason | AB35: Secondary reason | AC35: Secondary reason | AD35: Main reason | AE35: Main reason | AF35: Secondary reason | AG35: Not applicable to my device(s) | AH35: Not a reason | AI35: Varies from week to week | AJ35: Varies from weekend to weekend | AK35: Always (day and night) | AL35: College graduate | AM35: Yes | AN35: Maybe | AO35: Maybe | AP35: Maybe | AQ35: Maybe | AR35: Disabled, not able to work | AS35: Female | AT35: 1 | AU35: 0 | AV35: 0 | AW35: 0 | AX35: 0 | AY35: 42_57
A36: 1 | B36: 0 | C36: 0 | D36: 0 | E36: 1 | F36: 0 | G36: 0 | H36: 0 | I36: 0 | L36: 0 | M36: 0 | N36: 0 | O36: 0 | P36: 0 | Q36: 1 | AA36: Secondary reason | AB36: Not a reason | AC36: Not a reason | AD36: Not applicable to my device(s) | AE36: Main reason | AF36: Not a reason | AG36: Main reason | AH36: Not a reason | AI36: None | AJ36: None | AL36: College graduate | AM36: No | AR36: Disabled, not able to work | AS36: Female | AT36: 1 | AU36: 0 | AV36: 0 | AW36: 0 | AX36: 0 | AY36: 58_76
A37: 1 | B37: 0 | C37: 0 | D37: 0 | E37: 0 | F37: 1 | G37: 0 | H37: 0 | I37: 0 | J37: Varies from week to week | K37: Varies from weekend to weekend | L37: 0 | M37: 0 | N37: 1 | O37: 0 | P37: 0 | Q37: 0 | AA37: Secondary reason | AB37: Secondary reason | AC37: Not a reason | AD37: Not a reason | AE37: Main reason | AF37: Not a reason | AG37: Secondary reason | AH37: Main reason | AI37: All weekdays | AJ37: Both Saturday and Sunday | AK37: Always (day and night) | AL37: College graduate | AM37: Maybe | AN37: Maybe | AO37: Yes | AP37: Maybe | AQ37: Maybe | AR37: Disabled, not able to work | AS37: Female | AT37: 0 | AU37: 0 | AV37: 0 | AW37: 1 | AX37: 0 | AY37: 58_76
A38: 1 | B38: 0 | C38: 0 | D38: 0 | E38: 0 | F38: 0 | G38: 0 | H38: 0 | I38: 1 | J38: Varies from week to week | K38: Varies from weekend to weekend | L38: 0 | M38: 1 | N38: 1 | O38: 0 | P38: 0 | Q38: 0 | AA38: Secondary reason | AB38: Secondary reason | AC38: Not a reason | AD38: Not a reason | AE38: Main reason | AF38: Not a reason | AG38: Not a reason | AH38: Not a reason | AI38: Varies from week to week | AJ38: Varies from weekend to weekend | AK38: Daytime only | AL38: College graduate | AM38: Maybe | AN38: Yes | AO38: Yes | AP38: Maybe | AQ38: Yes | AR38: Employed full-time | AS38: Female | AT38: 0 | AU38: 0 | AV38: 0 | AW38: 1 | AX38: 0 | AY38: 58_76
A39: 1 | B39: 0 | C39: 0 | D39: 0 | E39: 0 | F39: 1 | G39: 1 | H39: 1 | I39: 0 | J39: All weekdays | K39: Varies from weekend to weekend | L39: 0 | M39: 0 | N39: 1 | O39: 0 | P39: 0 | Q39: 0 | AA39: Not applicable to my device(s) | AB39: Main reason | AC39: Secondary reason | AD39: Secondary reason | AE39: Main reason | AF39: Not applicable to my device(s) | AG39: Secondary reason | AH39: Not applicable to my device(s) | AI39: All weekdays | AJ39: Both Saturday and Sunday | AK39: Always (day and night) | AL39: Graduate degree | AM39: Yes | AN39: Yes | AO39: Yes | AP39: Yes | AQ39: Maybe | AR39: Retired, not looking for work | AS39: Female | AT39: 0 | AU39: 0 | AV39: 0 | AW39: 1 | AX39: 0 | AY39: 58_76
A40: 1 | B40: 0 | C40: 0 | D40: 0 | E40: 1 | F40: 0 | G40: 0 | H40: 0 | I40: 0 | L40: 1 | M40: 0 | N40: 0 | O40: 0 | P40: 0 | Q40: 0 | R40: 0 | S40: 0 | T40: 1 | U40: 1 | V40: 0 | W40: 0 | X40: 0 | Y40: 0 | Z40: 0 | AL40: College graduate | AM40: Yes | AN40: Yes | AO40: No | AP40: Yes | AQ40: Maybe | AR40: Disabled, not able to work | AS40: Female | AT40: 0 | AU40: 0 | AV40: 0 | AW40: 1 | AX40: 0 | AY40: 58_76
A41: 1 | B41: 0 | C41: 0 | D41: 0 | E41: 1 | F41: 0 | G41: 0 | H41: 0 | I41: 0 | L41: 0 | M41: 1 | N41: 0 | O41: 0 | P41: 1 | Q41: 0 | AA41: Not a reason | AB41: Not a reason | AC41: Not a reason | AD41: Not a reason | AE41: Main reason | AF41: Not a reason | AG41: Not a reason | AH41: Not a reason | AI41: None | AJ41: None | AL41: Some college but no degree | AM41: No | AR41: Retired, not looking for work | AS41: Female | AT41: 0 | AU41: 0 | AV41: 0 | AW41: 1 | AX41: 0 | AY41: 58_76
A42: 1 | B42: 0 | C42: 0 | D42: 0 | E42: 1 | F42: 0 | G42: 0 | H42: 0 | I42: 0 | L42: 1 | M42: 0 | N42: 0 | O42: 0 | P42: 0 | Q42: 0 | R42: 0 | S42: 1 | T42: 0 | U42: 0 | V42: 0 | W42: 0 | X42: 0 | Y42: 0 | Z42: 0 | AL42: Graduate degree | AM42: Yes | AN42: Yes | AO42: Yes | AP42: Yes | AQ42: Yes | AR42: Employed part-time | AS42: Female | AT42: 0 | AU42: 0 | AV42: 0 | AW42: 1 | AX42: 0 | AY42: 42_57
A43: 0 | B43: 1 | C43: 0 | D43: 0 | E43: 0 | F43: 1 | G43: 1 | H43: 1 | I43: 0 | J43: All weekdays | K43: Both Saturday and Sunday | L43: 0 | M43: 1 | N43: 0 | O43: 1 | P43: 1 | Q43: 0 | AA43: Not a reason | AB43: Main reason | AC43: Main reason | AD43: Secondary reason | AE43: Secondary reason | AF43: Not applicable to my device(s) | AG43: Not a reason | AH43: Not a reason | AI43: All weekdays | AJ43: Both Saturday and Sunday | AK43: Always (day and night) | AL43: Some college but no degree | AM43: Yes | AN43: No | AO43: Yes | AP43: Yes | AQ43: Maybe | AR43: Employed full-time | AS43: Female | AT43: 0 | AU43: 0 | AV43: 0 | AW43: 1 | AX43: 0 | AY43: 42_57
A44: 0 | B44: 1 | C44: 0 | D44: 0 | E44: 0 | F44: 1 | G44: 0 | H44: 1 | I44: 0 | J44: All weekdays | K44: Both Saturday and Sunday | L44: 0 | M44: 0 | N44: 0 | O44: 0 | P44: 1 | Q44: 0 | AA44: Secondary reason | AB44: Main reason | AC44: Secondary reason | AD44: Not a reason | AE44: Main reason | AF44: Not a reason | AG44: Not a reason | AH44: Not a reason | AI44: All weekdays | AJ44: Both Saturday and Sunday | AK44: Always (day and night) | AL44: Some college but no degree | AM44: Yes | AN44: No | AO44: Yes | AP44: Yes | AQ44: Maybe | AR44: Retired, not looking for work | AS44: Female | AT44: 0 | AU44: 0 | AV44: 0 | AW44: 1 | AX44: 0 | AY44: 58_76
A45: 0 | B45: 1 | C45: 0 | D45: 0 | E45: 1 | F45: 0 | G45: 0 | H45: 0 | I45: 0 | L45: 0 | M45: 1 | N45: 0 | O45: 0 | P45: 0 | Q45: 0 | AA45: Not a reason | AB45: Main reason | AC45: Main reason | AD45: Secondary reason | AE45: Secondary reason | AF45: Not a reason | AG45: Not a reason | AH45: Not a reason | AI45: All weekdays | AJ45: Both Saturday and Sunday | AK45: Always (day and night) | AL45: Graduate degree | AM45: Maybe | AN45: Maybe | AO45: Maybe | AP45: Maybe | AQ45: Maybe | AR45: Employed full-time | AS45: Female | AT45: 0 | AU45: 0 | AV45: 0 | AW45: 1 | AX45: 0 | AY45: 58_76
A46: 1 | B46: 0 | C46: 0 | D46: 0 | E46: 1 | F46: 0 | G46: 0 | H46: 0 | I46: 0 | L46: 0 | M46: 0 | N46: 0 | O46: 0 | P46: 0 | Q46: 1 | AA46: Not a reason | AB46: Main reason | AC46: Not a reason | AD46: Not a reason | AE46: Not a reason | AF46: Not a reason | AG46: Not a reason | AH46: Not a reason | AI46: Some weekdays | AJ46: Varies from weekend to weekend | AK46: Irregular times (no set times) | AL46: High school graduate | AM46: Yes | AN46: Yes | AO46: Yes | AP46: Yes | AQ46: Yes | AR46: Employed part-time | AS46: Female | AT46: 0 | AU46: 0 | AV46: 0 | AW46: 1 | AX46: 0 | AY46: 58_76
A47: 1 | B47: 0 | C47: 0 | D47: 0 | E47: 0 | F47: 1 | G47: 0 | H47: 0 | I47: 0 | J47: All weekdays | K47: Varies from weekend to weekend | L47: 0 | M47: 0 | N47: 1 | O47: 0 | P47: 0 | Q47: 0 | AA47: Not a reason | AB47: Main reason | AC47: Not applicable to my device(s) | AD47: Not applicable to my device(s) | AE47: Main reason | AF47: Not a reason | AG47: Secondary reason | AH47: Not a reason | AI47: All weekdays | AJ47: Both Saturday and Sunday | AK47: Always (day and night) | AL47: Graduate degree | AM47: Yes | AN47: No | AO47: Yes | AP47: No | AQ47: Maybe | AR47: Retired, not looking for work | AS47: Female | AT47: 1 | AU47: 0 | AV47: 0 | AW47: 0 | AX47: 0 | AY47: 58_76
A48: 0 | B48: 1 | C48: 0 | D48: 0 | E48: 0 | F48: 0 | G48: 0 | H48: 0 | I48: 1 | J48: Varies from week to week | K48: Both Saturday and Sunday | L48: 1 | M48: 0 | N48: 0 | O48: 0 | P48: 0 | Q48: 0 | R48: 0 | S48: 1 | T48: 0 | U48: 0 | V48: 0 | W48: 0 | X48: 0 | Y48: 0 | Z48: 0 | AL48: Graduate degree | AM48: Yes | AN48: Yes | AO48: Yes | AP48: Yes | AQ48: Maybe | AR48: Disabled, not able to work | AS48: Female | AT48: 0 | AU48: 0 | AV48: 0 | AW48: 0 | AX48: 1 | AY48: 42_57
A49: 1 | B49: 0 | C49: 0 | D49: 0 | E49: 0 | F49: 1 | G49: 0 | H49: 0 | I49: 0 | J49: Some weekdays | K49: Saturday only | L49: 0 | M49: 1 | N49: 0 | O49: 0 | P49: 0 | Q49: 0 | AA49: Not a reason | AB49: Main reason | AC49: Not a reason | AD49: Not a reason | AE49: Not a reason | AF49: Not a reason | AG49: Not a reason | AH49: Not a reason | AI49: Some weekdays | AJ49: None | AK49: Daytime only | AL49: Graduate degree | AM49: Yes | AN49: Yes | AO49: Yes | AP49: Yes | AQ49: Yes | AR49: Retired, not looking for work | AS49: Female | AT49: 0 | AU49: 0 | AV49: 0 | AW49: 1 | AX49: 0 | AY49: 58_76
A50: 0 | B50: 1 | C50: 0 | D50: 0 | E50: 0 | F50: 1 | G50: 0 | H50: 1 | I50: 0 | J50: All weekdays | K50: Both Saturday and Sunday | L50: 0 | M50: 1 | N50: 0 | O50: 0 | P50: 0 | Q50: 0 | AA50: Not applicable to my device(s) | AB50: Main reason | AC50: Secondary reason | AD50: Not a reason | AE50: Not a reason | AF50: Not applicable to my device(s) | AG50: Not a reason | AH50: Not applicable to my device(s) | AI50: All weekdays | AJ50: Both Saturday and Sunday | AK50: Always (day and night) | AL50: College graduate | AM50: Maybe | AN50: Yes | AO50: Yes | AP50: Yes | AQ50: Maybe | AR50: Retired, not looking for work | AS50: Female | AT50: 0 | AU50: 0 | AV50: 0 | AW50: 1 | AX50: 0 | AY50: 58_76
A51: 0 | B51: 1 | C51: 0 | D51: 0 | E51: 0 | F51: 1 | G51: 0 | H51: 1 | I51: 0 | J51: Some weekdays | K51: Both Saturday and Sunday | L51: 0 | M51: 0 | N51: 0 | O51: 0 | P51: 0 | Q51: 1 | AA51: Not a reason | AB51: Main reason | AC51: Secondary reason | AD51: Secondary reason | AE51: Not applicable to my device(s) | AF51: Not applicable to my device(s) | AG51: Secondary reason | AH51: Not applicable to my device(s) | AI51: All weekdays | AJ51: Both Saturday and Sunday | AK51: Always (day and night) | AL51: High school graduate | AM51: Yes | AN51: Yes | AO51: Maybe | AP51: Yes | AQ51: Yes | AR51: Disabled, not able to work | AS51: Female | AT51: 0 | AU51: 0 | AV51: 0 | AW51: 1 | AX51: 0 | AY51: 58_76
A52: 0 | B52: 1 | C52: 0 | D52: 0 | E52: 0 | F52: 0 | G52: 0 | H52: 0 | I52: 1 | J52: Varies from week to week | K52: Varies from weekend to weekend | L52: 1 | M52: 0 | N52: 0 | O52: 0 | P52: 0 | Q52: 0 | R52: 0 | S52: 0 | T52: 1 | U52: 0 | V52: 0 | W52: 0 | X52: 0 | Y52: 0 | Z52: 0 | AL52: College graduate | AM52: Maybe | AN52: Maybe | AO52: Maybe | AP52: Maybe | AQ52: Maybe | AR52: Employed full-time | AS52: Female | AT52: 1 | AU52: 0 | AV52: 0 | AW52: 0 | AX52: 0 | AY52: 58_76
A53: 1 | B53: 0 | C53: 0 | D53: 0 | E53: 1 | F53: 0 | G53: 0 | H53: 0 | I53: 0 | L53: 1 | M53: 0 | N53: 0 | O53: 0 | P53: 0 | Q53: 0 | R53: 0 | S53: 1 | T53: 0 | U53: 0 | V53: 0 | W53: 0 | X53: 0 | Y53: 0 | Z53: 0 | AL53: Graduate degree | AM53: Maybe | AN53: No | AO53: Maybe | AP53: Maybe | AQ53: Maybe | AR53: Employed full-time | AS53: Female | AT53: 0 | AU53: 0 | AV53: 0 | AW53: 1 | AX53: 0 | AY53: 42_57
A54: 1 | B54: 0 | C54: 0 | D54: 0 | E54: 0 | F54: 1 | G54: 0 | H54: 0 | I54: 0 | J54: All weekdays | K54: Both Saturday and Sunday | L54: 0 | M54: 0 | N54: 1 | O54: 0 | P54: 0 | Q54: 0 | AA54: Secondary reason | AB54: Secondary reason | AC54: Not a reason | AD54: Main reason | AE54: Main reason | AF54: Not a reason | AG54: Not a reason | AH54: Not a reason | AI54: All weekdays | AJ54: Both Saturday and Sunday | AK54: Daytime only | AL54: College graduate | AM54: Maybe | AN54: Yes | AO54: Yes | AP54: No | AQ54: Maybe | AR54: Disabled, not able to work | AS54: Female | AT54: 0 | AU54: 0 | AV54: 0 | AW54: 1 | AX54: 0 | AY54: 58_76
A55: 1 | B55: 0 | C55: 0 | D55: 0 | E55: 1 | F55: 0 | G55: 0 | H55: 0 | I55: 0 | L55: 0 | M55: 0 | N55: 1 | O55: 0 | P55: 0 | Q55: 0 | AA55: Not a reason | AB55: Secondary reason | AC55: Not a reason | AD55: Secondary reason | AE55: Secondary reason | AF55: Not a reason | AG55: Not a reason | AH55: Not a reason | AI55: All weekdays | AJ55: Both Saturday and Sunday | AK55: Daytime only | AL55: Graduate degree | AM55: Maybe | AN55: Yes | AO55: Yes | AP55: Maybe | AQ55: No | AR55: Employed full-time | AS55: Female | AT55: 0 | AU55: 0 | AV55: 0 | AW55: 1 | AX55: 0 | AY55: 58_76
A56: 1 | B56: 0 | C56: 0 | D56: 0 | E56: 0 | F56: 1 | G56: 0 | H56: 1 | I56: 1 | J56: Varies from week to week | K56: Varies from weekend to weekend | L56: 0 | M56: 1 | N56: 0 | O56: 0 | P56: 0 | Q56: 0 | AA56: Not applicable to my device(s) | AB56: Secondary reason | AC56: Main reason | AD56: Not a reason | AE56: Secondary reason | AF56: Not applicable to my device(s) | AG56: Not applicable to my device(s) | AH56: Not a reason | AI56: Varies from week to week | AJ56: Varies from weekend to weekend | AK56: Always (day and night) | AL56: Graduate degree | AM56: Yes | AN56: Yes | AO56: Yes | AP56: Maybe | AQ56: Yes | AR56: Employed full-time | AS56: Female | AT56: 0 | AU56: 0 | AV56: 0 | AW56: 1 | AX56: 0 | AY56: 42_57
A57: 1 | B57: 0 | C57: 0 | D57: 0 | E57: 1 | F57: 0 | G57: 0 | H57: 0 | I57: 0 | L57: 0 | M57: 0 | N57: 1 | O57: 0 | P57: 0 | Q57: 0 | AA57: Not a reason | AB57: Not a reason | AC57: Not a reason | AD57: Not a reason | AE57: Main reason | AF57: Main reason | AG57: Main reason | AH57: Not a reason | AI57: None | AJ57: None | AL57: Graduate degree | AM57: No | AR57: Employed full-time | AS57: Female | AT57: 0 | AU57: 0 | AV57: 0 | AW57: 1 | AX57: 0 | AY57: 58_76
A58: 1 | B58: 0 | C58: 0 | D58: 0 | E58: 0 | F58: 0 | G58: 0 | H58: 0 | I58: 1 | J58: All weekdays | K58: Both Saturday and Sunday | L58: 0 | M58: 1 | N58: 0 | O58: 0 | P58: 0 | Q58: 0 | AA58: Not applicable to my device(s) | AB58: Main reason | AC58: Secondary reason | AD58: Not applicable to my device(s) | AE58: Not applicable to my device(s) | AF58: Not applicable to my device(s) | AG58: Not applicable to my device(s) | AH58: Not a reason | AI58: All weekdays | AJ58: Both Saturday and Sunday | AK58: Always (day and night) | AL58: Graduate degree | AM58: Maybe | AN58: Maybe | AO58: Maybe | AP58: Maybe | AQ58: Maybe | AR58: Employed full-time | AS58: Female | AT58: 0 | AU58: 0 | AV58: 0 | AW58: 1 | AX58: 0 | AY58: 42_57
A59: 1 | B59: 0 | C59: 0 | D59: 0 | E59: 0 | F59: 0 | G59: 0 | H59: 0 | I59: 1 | J59: Varies from week to week | K59: None | L59: 0 | M59: 1 | N59: 0 | O59: 0 | P59: 0 | Q59: 0 | AA59: Not a reason | AB59: Main reason | AC59: Not a reason | AD59: Not a reason | AE59: Not a reason | AF59: Not a reason | AG59: Not a reason | AH59: Not a reason | AI59: All weekdays | AJ59: Both Saturday and Sunday | AK59: Always (day and night) | AL59: Graduate degree | AM59: No | AR59: Employed full-time | AS59: Female | AT59: 1 | AU59: 0 | AV59: 0 | AW59: 0 | AX59: 0 | AY59: 58_76
A60: 0 | B60: 1 | C60: 0 | D60: 0 | E60: 1 | F60: 0 | G60: 0 | H60: 0 | I60: 0 | L60: 0 | M60: 1 | N60: 0 | O60: 0 | P60: 0 | Q60: 0 | AA60: Main reason | AB60: Not applicable to my device(s) | AC60: Not applicable to my device(s) | AD60: Not applicable to my device(s) | AE60: Main reason | AF60: Not applicable to my device(s) | AG60: Secondary reason | AH60: Not applicable to my device(s) | AI60: None | AJ60: None | AL60: College graduate | AM60: Yes | AN60: Maybe | AO60: Maybe | AP60: Yes | AQ60: Maybe | AR60: Employed part-time | AS60: Female | AT60: 0 | AU60: 0 | AV60: 0 | AW60: 0 | AX60: 1 | AY60: 58_76
A61: 1 | B61: 0 | C61: 0 | D61: 0 | E61: 1 | F61: 0 | G61: 0 | H61: 0 | I61: 0 | L61: 0 | M61: 1 | N61: 0 | O61: 0 | P61: 0 | Q61: 1 | AA61: Secondary reason | AB61: Secondary reason | AC61: Not a reason | AD61: Not a reason | AE61: Secondary reason | AF61: Main reason | AG61: Not a reason | AH61: Not a reason | AI61: All weekdays | AJ61: None | AK61: During workouts only | AL61: College graduate | AM61: Yes | AN61: No | AO61: Maybe | AP61: No | AQ61: No | AR61: Employed full-time | AS61: Female | AT61: 0 | AU61: 0 | AV61: 0 | AW61: 1 | AX61: 0 | AY61: 58_76
A62: 1 | B62: 0 | C62: 0 | D62: 0 | E62: 0 | F62: 1 | G62: 0 | H62: 0 | I62: 0 | J62: Some weekdays | K62: Varies from weekend to weekend | L62: 0 | M62: 0 | N62: 1 | O62: 0 | P62: 0 | Q62: 0 | AA62: Main reason | AB62: Main reason | AC62: Secondary reason | AD62: Secondary reason | AE62: Main reason | AF62: Not a reason | AG62: Main reason | AH62: Main reason | AI62: All weekdays | AJ62: Both Saturday and Sunday | AK62: Always (day and night) | AL62: Some college but no degree | AM62: Maybe | AN62: Yes | AO62: Yes | AP62: Yes | AQ62: Maybe | AR62: Employed full-time | AS62: Female | AT62: 0 | AU62: 0 | AV62: 0 | AW62: 1 | AX62: 0 | AY62: 58_76
A63: 1 | B63: 0 | C63: 0 | D63: 0 | E63: 0 | F63: 1 | G63: 1 | H63: 1 | I63: 1 | J63: All weekdays | K63: Both Saturday and Sunday | L63: 0 | M63: 0 | N63: 1 | O63: 1 | P63: 0 | Q63: 0 | AA63: Not a reason | AB63: Main reason | AC63: Main reason | AD63: Main reason | AE63: Main reason | AF63: Not a reason | AG63: Not a reason | AH63: Not a reason | AI63: Some weekdays | AJ63: Both Saturday and Sunday | AK63: Always (day and night) | AL63: College graduate | AM63: Yes | AN63: Yes | AO63: Yes | AP63: Yes | AQ63: Yes | AR63: Disabled, not able to work | AS63: Female | AT63: 0 | AU63: 0 | AV63: 0 | AW63: 1 | AX63: 0 | AY63: 58_76
A64: 0 | B64: 1 | C64: 0 | D64: 0 | E64: 1 | F64: 0 | G64: 0 | H64: 0 | I64: 0 | L64: 1 | M64: 0 | N64: 0 | O64: 0 | P64: 0 | Q64: 0 | R64: 0 | S64: 0 | T64: 0 | U64: 0 | V64: 0 | W64: 0 | X64: 1 | Y64: 0 | Z64: 0 | AL64: Some college but no degree | AM64: Maybe | AN64: Maybe | AO64: Maybe | AP64: Maybe | AQ64: Maybe | AR64: Employed full-time | AS64: Female | AT64: 0 | AU64: 0 | AV64: 0 | AW64: 1 | AX64: 0 | AY64: 58_76
A65: 0 | B65: 1 | C65: 0 | D65: 0 | E65: 1 | F65: 0 | G65: 0 | H65: 0 | I65: 0 | L65: 0 | M65: 0 | N65: 0 | O65: 1 | P65: 0 | Q65: 0 | AA65: Not applicable to my device(s) | AB65: Main reason | AC65: Secondary reason | AD65: Not applicable to my device(s) | AE65: Not applicable to my device(s) | AF65: Not applicable to my device(s) | AG65: Not applicable to my device(s) | AH65: Not a reason | AI65: All weekdays | AJ65: Both Saturday and Sunday | AK65: Always (day and night) | AL65: Some college but no degree | AM65: Yes | AN65: Yes | AO65: Yes | AP65: Yes | AQ65: Yes | AR65: Employed full-time | AS65: Female | AT65: 0 | AU65: 0 | AV65: 0 | AW65: 1 | AX65: 0 | AY65: 58_76
A66: 1 | B66: 0 | C66: 0 | D66: 0 | E66: 0 | F66: 1 | G66: 0 | H66: 0 | I66: 0 | J66: All weekdays | K66: Both Saturday and Sunday | L66: 1 | M66: 0 | N66: 0 | O66: 0 | P66: 0 | Q66: 0 | R66: 0 | S66: 1 | T66: 0 | U66: 0 | V66: 0 | W66: 0 | X66: 0 | Y66: 0 | Z66: 0 | AL66: Graduate degree | AM66: Yes | AN66: Yes | AO66: Yes | AP66: Maybe | AQ66: Maybe | AR66: Employed part-time | AS66: Female | AT66: 0 | AU66: 0 | AV66: 0 | AW66: 1 | AX66: 0 | AY66: 42_57
A67: 1 | B67: 0 | C67: 0 | D67: 0 | E67: 0 | F67: 1 | G67: 1 | H67: 1 | I67: 0 | J67: All weekdays | K67: Both Saturday and Sunday | L67: 0 | M67: 0 | N67: 1 | O67: 0 | P67: 0 | Q67: 0 | AA67: Secondary reason | AB67: Main reason | AC67: Main reason | AD67: Main reason | AE67: Main reason | AF67: Not a reason | AG67: Secondary reason | AH67: Secondary reason | AI67: All weekdays | AJ67: Both Saturday and Sunday | AK67: Always (day and night) | AL67: Graduate degree | AM67: Yes | AN67: Yes | AO67: Yes | AP67: Yes | AQ67: Yes | AR67: Retired, not looking for work | AS67: Female | AT67: 0 | AU67: 0 | AV67: 0 | AW67: 1 | AX67: 0 | AY67: 58_76
A68: 1 | B68: 0 | C68: 0 | D68: 0 | E68: 1 | F68: 0 | G68: 0 | H68: 0 | I68: 0 | L68: 1 | M68: 0 | N68: 0 | O68: 0 | P68: 0 | Q68: 0 | R68: 0 | S68: 0 | T68: 0 | U68: 0 | V68: 0 | W68: 0 | X68: 1 | Y68: 0 | Z68: 0 | AL68: Graduate degree | AM68: No | AR68: Employed full-time | AS68: Female | AT68: 0 | AU68: 0 | AV68: 0 | AW68: 1 | AX68: 0 | AY68: 58_76
A69: 0 | B69: 1 | C69: 0 | D69: 0 | E69: 0 | F69: 1 | G69: 1 | H69: 1 | I69: 0 | J69: All weekdays | K69: Both Saturday and Sunday | L69: 0 | M69: 1 | N69: 0 | O69: 0 | P69: 0 | Q69: 0 | AA69: Not applicable to my device(s) | AB69: Main reason | AC69: Main reason | AD69: Main reason | AE69: Secondary reason | AF69: Not applicable to my device(s) | AG69: Secondary reason | AH69: Secondary reason | AI69: All weekdays | AJ69: Both Saturday and Sunday | AK69: Always (day and night) | AL69: Some college but no degree | AM69: Yes | AN69: Yes | AO69: Yes | AP69: Yes | AQ69: Yes | AR69: Not employed, but looking for work | AS69: Female | AT69: 0 | AU69: 0 | AV69: 0 | AW69: 1 | AX69: 1 | AY69: 58_76
A70: 0 | B70: 1 | C70: 0 | D70: 0 | E70: 0 | F70: 0 | G70: 0 | H70: 0 | I70: 1 | J70: Some weekdays | K70: Both Saturday and Sunday | L70: 0 | M70: 0 | N70: 0 | O70: 1 | P70: 0 | Q70: 0 | AA70: Not a reason | AB70: Main reason | AC70: Secondary reason | AD70: Main reason | AE70: Not a reason | AF70: Secondary reason | AG70: Not a reason | AH70: Not a reason | AI70: All weekdays | AJ70: Both Saturday and Sunday | AK70: Always (day and night) | AL70: Graduate degree | AM70: Yes | AN70: Yes | AO70: Yes | AP70: Yes | AQ70: Yes | AR70: Disabled, not able to work | AS70: Female | AT70: 0 | AU70: 0 | AV70: 0 | AW70: 1 | AX70: 0 | AY70: 58_76
A71: 0 | B71: 1 | C71: 0 | D71: 0 | E71: 1 | F71: 0 | G71: 0 | H71: 0 | I71: 0 | L71: 1 | M71: 0 | N71: 0 | O71: 0 | P71: 0 | Q71: 0 | R71: 0 | S71: 1 | T71: 0 | U71: 0 | V71: 0 | W71: 0 | X71: 0 | Y71: 0 | Z71: 0 | AL71: Some college but no degree | AM71: Yes | AN71: Yes | AO71: Yes | AP71: Maybe | AQ71: Maybe | AR71: Retired, not looking for work | AS71: Male | AT71: 1 | AU71: 0 | AV71: 0 | AW71: 0 | AX71: 0 | AY71: 77+
A72: 1 | B72: 0 | C72: 0 | D72: 0 | E72: 0 | F72: 1 | G72: 1 | H72: 0 | I72: 0 | J72: All weekdays | K72: Both Saturday and Sunday | L72: 0 | M72: 0 | N72: 1 | O72: 0 | P72: 0 | Q72: 0 | AA72: Secondary reason | AB72: Secondary reason | AC72: Not a reason | AD72: Secondary reason | AE72: Secondary reason | AF72: Secondary reason | AG72: Main reason | AH72: Not a reason | AI72: All weekdays | AJ72: Both Saturday and Sunday | AK72: Daytime only | AL72: Graduate degree | AM72: Maybe | AN72: Yes | AO72: Yes | AP72: Yes | AQ72: Maybe | AR72: Not employed, but looking for work | AS72: Male | AT72: 1 | AU72: 0 | AV72: 0 | AW72: 0 | AX72: 0 | AY72: 58_76
A73: 1 | B73: 0 | C73: 0 | D73: 0 | E73: 1 | F73: 0 | G73: 0 | H73: 0 | I73: 0 | L73: 0 | M73: 0 | N73: 1 | O73: 0 | P73: 0 | Q73: 0 | AA73: Not a reason | AB73: Secondary reason | AC73: Not a reason | AD73: Secondary reason | AE73: Main reason | AF73: Secondary reason | AG73: Not a reason | AH73: Secondary reason | AI73: All weekdays | AJ73: Varies from weekend to weekend | AK73: Always (day and night) | AL73: Graduate degree | AM73: Yes | AN73: Yes | AO73: Yes | AP73: Yes | AQ73: Yes | AR73: Not employed, not looking for work | AS73: Female | AT73: 1 | AU73: 0 | AV73: 0 | AW73: 0 | AX73: 0 | AY73: 26_41
A74: 0 | B74: 1 | C74: 0 | D74: 0 | E74: 1 | F74: 0 | G74: 0 | H74: 0 | I74: 0 | L74: 1 | M74: 0 | N74: 0 | O74: 0 | P74: 0 | Q74: 0 | R74: 0 | S74: 0 | T74: 0 | U74: 0 | V74: 0 | W74: 0 | X74: 0 | Y74: 0 | Z74: 1 | AL74: Some college but no degree | AM74: No | AR74: Disabled, not able to work | AS74: Male | AT74: 1 | AU74: 0 | AV74: 0 | AW74: 0 | AX74: 0 | AY74: 77+
A75: 0 | B75: 1 | C75: 0 | D75: 0 | E75: 0 | F75: 1 | G75: 1 | H75: 1 | I75: 0 | J75: All weekdays | K75: Both Saturday and Sunday | L75: 0 | M75: 1 | N75: 0 | O75: 0 | P75: 0 | Q75: 1 | AA75: Not a reason | AB75: Main reason | AC75: Secondary reason | AD75: Main reason | AE75: Not a reason | AF75: Not applicable to my device(s) | AG75: Not applicable to my device(s) | AH75: Not a reason | AI75: All weekdays | AJ75: Both Saturday and Sunday | AK75: Irregular times (no set times) | AL75: Some college but no degree | AM75: Maybe | AN75: Yes | AO75: Yes | AP75: Yes | AQ75: No | AR75: Not employed, but looking for work | AS75: Female | AT75: 1 | AU75: 0 | AV75: 0 | AW75: 0 | AX75: 0 | AY75: 42_57
A76: 1 | B76: 0 | C76: 0 | D76: 0 | E76: 1 | F76: 0 | G76: 0 | H76: 0 | I76: 0 | L76: 0 | M76: 1 | N76: 0 | O76: 0 | P76: 0 | Q76: 0 | AA76: Not applicable to my device(s) | AB76: Main reason | AC76: Secondary reason | AD76: Not a reason | AE76: Not applicable to my device(s) | AF76: Not applicable to my device(s) | AG76: Not applicable to my device(s) | AH76: Not a reason | AI76: All weekdays | AJ76: Both Saturday and Sunday | AK76: Always (day and night) | AL76: Graduate degree | AM76: Yes | AN76: Yes | AO76: Yes | AP76: Yes | AQ76: Yes | AR76: Retired, not looking for work | AS76: Female | AT76: 1 | AU76: 0 | AV76: 0 | AW76: 0 | AX76: 0 | AY76: 77+
A77: 0 | B77: 1 | C77: 0 | D77: 0 | E77: 0 | F77: 1 | G77: 0 | H77: 0 | I77: 0 | J77: All weekdays | K77: Varies from weekend to weekend | L77: 0 | M77: 0 | N77: 0 | O77: 0 | P77: 1 | Q77: 0 | AA77: Not a reason | AB77: Main reason | AC77: Not a reason | AD77: Secondary reason | AE77: Main reason | AF77: Not a reason | AG77: Not a reason | AH77: Not a reason | AI77: All weekdays | AJ77: Varies from weekend to weekend | AK77: Daytime only | AL77: High school graduate | AM77: Yes | AN77: Yes | AO77: Yes | AP77: Maybe | AQ77: Maybe | AR77: Employed part-time | AS77: Female | AT77: 0 | AU77: 0 | AV77: 0 | AW77: 1 | AX77: 0 | AY77: 42_57
A78: 0 | B78: 1 | C78: 1 | D78: 0 | E78: 1 | F78: 0 | G78: 0 | H78: 0 | I78: 0 | L78: 1 | M78: 0 | N78: 0 | O78: 0 | P78: 0 | Q78: 0 | R78: 0 | S78: 0 | T78: 1 | U78: 0 | V78: 0 | W78: 0 | X78: 0 | Y78: 0 | Z78: 0 | AL78: College graduate | AM78: Yes | AN78: Yes | AO78: Yes | AP78: Yes | AQ78: Yes | AR78: Disabled, not able to work | AS78: Female | AT78: 1 | AU78: 0 | AV78: 0 | AW78: 0 | AX78: 0 | AY78: 58_76
A79: 1 | B79: 0 | C79: 0 | D79: 0 | E79: 0 | F79: 1 | G79: 0 | H79: 1 | I79: 0 | J79: Varies from week to week | K79: Varies from weekend to weekend | L79: 1 | M79: 0 | N79: 0 | O79: 0 | P79: 0 | Q79: 0 | R79: 0 | S79: 0 | T79: 1 | U79: 0 | V79: 0 | W79: 0 | X79: 0 | Y79: 0 | Z79: 0 | AL79: Graduate degree | AM79: No | AR79: Employed full-time | AS79: Female | AT79: 1 | AU79: 0 | AV79: 0 | AW79: 0 | AX79: 0 | AY79: 58_76
A80: 0 | B80: 1 | C80: 0 | D80: 0 | E80: 0 | F80: 0 | G80: 1 | H80: 0 | I80: 0 | J80: Some weekdays | K80: Saturday only | L80: 1 | M80: 0 | N80: 0 | O80: 0 | P80: 0 | Q80: 0 | R80: 0 | S80: 0 | T80: 1 | U80: 0 | V80: 1 | W80: 0 | X80: 0 | Y80: 1 | Z80: 0 | AL80: Graduate degree | AM80: No | AR80: Employed full-time | AS80: Male | AT80: 1 | AU80: 0 | AV80: 0 | AW80: 0 | AX80: 0 | AY80: 42_57
A81: 1 | B81: 0 | C81: 0 | D81: 0 | E81: 0 | F81: 1 | G81: 1 | H81: 0 | I81: 0 | J81: All weekdays | K81: Both Saturday and Sunday | L81: 0 | M81: 0 | N81: 1 | O81: 0 | P81: 0 | Q81: 0 | AA81: Secondary reason | AB81: Main reason | AC81: Not a reason | AD81: Main reason | AE81: Main reason | AF81: Secondary reason | AG81: Not a reason | AH81: Not a reason | AI81: All weekdays | AJ81: Both Saturday and Sunday | AK81: Always (day and night) | AL81: Graduate degree | AM81: Yes | AN81: Yes | AO81: Yes | AP81: Maybe | AQ81: Maybe | AR81: Retired, not looking for work | AS81: Female | AT81: 1 | AU81: 0 | AV81: 0 | AW81: 0 | AX81: 0 | AY81: 58_76
A82: 0 | B82: 1 | C82: 0 | D82: 0 | E82: 1 | F82: 0 | G82: 0 | H82: 0 | I82: 0 | L82: 1 | M82: 0 | N82: 0 | O82: 0 | P82: 0 | Q82: 0 | R82: 0 | S82: 0 | T82: 0 | U82: 0 | V82: 0 | W82: 0 | X82: 1 | Y82: 0 | Z82: 0 | AL82: College graduate | AM82: No | AR82: Retired, not looking for work | AS82: Female | AT82: 1 | AU82: 0 | AV82: 0 | AW82: 0 | AX82: 0 | AY82: 58_76
A83: 0 | B83: 1 | C83: 0 | D83: 0 | E83: 0 | F83: 1 | G83: 1 | H83: 1 | I83: 0 | J83: All weekdays | K83: Both Saturday and Sunday | L83: 1 | M83: 0 | N83: 0 | O83: 0 | P83: 0 | Q83: 0 | R83: 0 | S83: 0 | T83: 1 | U83: 0 | V83: 0 | W83: 0 | X83: 0 | Y83: 0 | Z83: 0 | AL83: Graduate degree | AM83: Yes | AN83: Yes | AO83: Yes | AP83: Yes | AQ83: Yes | AR83: Not employed, but looking for work | AS83: Female | AT83: 1 | AU83: 0 | AV83: 0 | AW83: 0 | AX83: 0 | AY83: 42_57
A84: 1 | B84: 0 | C84: 0 | D84: 0 | E84: 0 | F84: 1 | G84: 1 | H84: 1 | I84: 0 | J84: Some weekdays | K84: Varies from weekend to weekend | L84: 0 | M84: 0 | N84: 1 | O84: 0 | P84: 0 | Q84: 0 | AA84: Main reason | AB84: Main reason | AC84: Secondary reason | AD84: Secondary reason | AE84: Main reason | AF84: Main reason | AG84: Not a reason | AH84: Not a reason | AI84: All weekdays | AJ84: Varies from weekend to weekend | AK84: Daytime only | AL84: Graduate degree | AM84: Yes | AN84: Yes | AO84: Yes | AP84: Yes | AQ84: Yes | AR84: Employed full-time | AS84: Female | AT84: 0 | AU84: 0 | AV84: 0 | AW84: 1 | AX84: 0 | AY84: 42_57
A85: 1 | B85: 0 | C85: 0 | D85: 0 | E85: 1 | F85: 0 | G85: 0 | H85: 0 | I85: 0 | L85: 1 | M85: 0 | N85: 0 | O85: 0 | P85: 0 | Q85: 0 | R85: 0 | S85: 0 | T85: 0 | U85: 0 | V85: 0 | W85: 0 | X85: 1 | Y85: 1 | Z85: 1 | AL85: College graduate | AM85: Maybe | AN85: Yes | AO85: No | AP85: Yes | AQ85: No | AR85: Not employed, not looking for work | AS85: Female | AT85: 1 | AU85: 0 | AV85: 0 | AW85: 0 | AX85: 0 | AY85: 42_57
A86: 1 | B86: 0 | C86: 0 | D86: 0 | E86: 1 | F86: 0 | G86: 0 | H86: 0 | I86: 0 | L86: 0 | M86: 1 | N86: 0 | O86: 0 | P86: 0 | Q86: 0 | AA86: Main reason | AB86: Not a reason | AC86: Secondary reason | AD86: Secondary reason | AE86: Main reason | AF86: Not a reason | AG86: Secondary reason | AH86: Not a reason | AI86: Varies from week to week | AJ86: Varies from weekend to weekend | AK86: Nighttime only | AL86: Graduate degree | AM86: Yes | AN86: Maybe | AO86: Maybe | AP86: Yes | AQ86: Maybe | AR86: Retired, not looking for work | AS86: Female | AT86: 1 | AU86: 0 | AV86: 0 | AW86: 0 | AX86: 0 | AY86: 77+
A87: 1 | B87: 0 | C87: 0 | D87: 0 | E87: 0 | F87: 1 | G87: 1 | H87: 1 | I87: 0 | J87: Varies from week to week | K87: Varies from weekend to weekend | L87: 0 | M87: 0 | N87: 1 | O87: 0 | P87: 0 | Q87: 1 | AA87: Not a reason | AB87: Secondary reason | AC87: Main reason | AD87: Secondary reason | AE87: Secondary reason | AF87: Not a reason | AG87: Secondary reason | AH87: Not a reason | AI87: All weekdays | AJ87: Both Saturday and Sunday | AK87: Always (day and night) | AL87: Graduate degree | AM87: Maybe | AN87: No | AO87: Maybe | AP87: Yes | AQ87: Maybe | AR87: Employed part-time | AS87: Gender Fluid/Queer | AT87: 0 | AU87: 1 | AV87: 0 | AW87: 1 | AX87: 0 | AY87: 42_57
A88: 1 | B88: 0 | C88: 0 | D88: 0 | E88: 0 | F88: 1 | G88: 0 | H88: 0 | I88: 0 | J88: All weekdays | K88: Both Saturday and Sunday | L88: 1 | M88: 0 | N88: 0 | O88: 0 | P88: 0 | Q88: 0 | R88: 0 | S88: 0 | T88: 0 | U88: 0 | V88: 0 | W88: 0 | X88: 0 | Y88: 0 | Z88: 1 | AL88: Graduate degree | AM88: Maybe | AN88: No | AO88: Yes | AP88: No | AQ88: No | AR88: Retired, not looking for work | AS88: Male | AT88: 1 | AU88: 0 | AV88: 0 | AW88: 0 | AX88: 0 | AY88: 58_76
A89: 1 | B89: 0 | C89: 0 | D89: 0 | E89: 1 | F89: 0 | G89: 0 | H89: 0 | I89: 0 | L89: 1 | M89: 0 | N89: 0 | O89: 0 | P89: 0 | Q89: 0 | R89: 0 | S89: 0 | T89: 0 | U89: 0 | V89: 0 | W89: 0 | X89: 1 | Y89: 0 | Z89: 0 | AL89: College graduate | AM89: No | AR89: Employed full-time | AS89: Female | AT89: 0 | AU89: 0 | AV89: 0 | AW89: 1 | AX89: 0 | AY89: 58_76
A90: 1 | B90: 0 | C90: 0 | D90: 0 | E90: 0 | F90: 1 | G90: 0 | H90: 0 | I90: 0 | J90: All weekdays | K90: Both Saturday and Sunday | L90: 0 | M90: 1 | N90: 0 | O90: 0 | P90: 0 | Q90: 0 | AA90: Not a reason | AB90: Main reason | AC90: Secondary reason | AD90: Secondary reason | AE90: Secondary reason | AF90: Not a reason | AG90: Not a reason | AH90: Not a reason | AI90: All weekdays | AJ90: Both Saturday and Sunday | AK90: Always (day and night) | AL90: College graduate | AM90: Yes | AN90: Yes | AO90: Yes | AP90: Yes | AQ90: Yes | AR90: Disabled, not able to work | AS90: Female | AT90: 1 | AU90: 0 | AV90: 0 | AW90: 0 | AX90: 0 | AY90: 58_76
A91: 1 | B91: 0 | C91: 0 | D91: 0 | E91: 1 | F91: 0 | G91: 0 | H91: 0 | I91: 0 | L91: 1 | M91: 0 | N91: 0 | O91: 0 | P91: 0 | Q91: 0 | R91: 0 | S91: 0 | T91: 1 | U91: 1 | V91: 0 | W91: 1 | X91: 0 | Y91: 0 | Z91: 0 | AL91: High school graduate | AM91: Maybe | AN91: Maybe | AO91: Maybe | AP91: Maybe | AQ91: Maybe | AR91: Retired, not looking for work | AS91: Female | AT91: 1 | AU91: 0 | AV91: 0 | AW91: 0 | AX91: 0 | AY91: 58_76
A92: 1 | B92: 0 | C92: 0 | D92: 0 | E92: 0 | F92: 1 | G92: 0 | H92: 1 | I92: 0 | J92: All weekdays | K92: Both Saturday and Sunday | L92: 0 | M92: 0 | N92: 1 | O92: 0 | P92: 0 | Q92: 0 | AA92: Secondary reason | AB92: Main reason | AC92: Secondary reason | AD92: Secondary reason | AE92: Secondary reason | AF92: Secondary reason | AG92: Secondary reason | AH92: Not a reason | AI92: All weekdays | AJ92: Both Saturday and Sunday | AK92: Always (day and night) | AL92: College graduate | AM92: Yes | AN92: Yes | AO92: Yes | AP92: Maybe | AQ92: Maybe | AR92: Employed full-time | AS92: Male | AT92: 1 | AU92: 0 | AV92: 0 | AW92: 0 | AX92: 0 | AY92: 26_41
A93: 1 | B93: 0 | C93: 0 | D93: 0 | E93: 0 | F93: 0 | G93: 0 | H93: 0 | I93: 1 | J93: All weekdays | K93: Both Saturday and Sunday | L93: 0 | M93: 0 | N93: 1 | O93: 0 | P93: 0 | Q93: 0 | AA93: Secondary reason | AB93: Secondary reason | AC93: Not a reason | AD93: Not applicable to my device(s) | AE93: Main reason | AF93: Not a reason | AG93: Not a reason | AH93: Not a reason | AI93: All weekdays | AJ93: Both Saturday and Sunday | AK93: Always (day and night) | AL93: Graduate degree | AM93: Maybe | AN93: Maybe | AO93: Maybe | AP93: Yes | AQ93: Maybe | AR93: Retired, not looking for work | AS93: Female | AT93: 1 | AU93: 0 | AV93: 0 | AW93: 0 | AX93: 0 | AY93: 58_76
A94: 1 | B94: 0 | C94: 0 | D94: 0 | E94: 1 | F94: 0 | G94: 0 | H94: 0 | I94: 0 | L94: 1 | M94: 0 | N94: 0 | O94: 0 | P94: 0 | Q94: 0 | R94: 0 | S94: 0 | T94: 1 | U94: 0 | V94: 0 | W94: 0 | X94: 0 | Y94: 0 | Z94: 0 | AL94: College graduate | AM94: Yes | AN94: Yes | AO94: Yes | AP94: Yes | AQ94: Yes | AR94: Employed full-time | AS94: Female | AT94: 1 | AU94: 0 | AV94: 0 | AW94: 0 | AX94: 0 | AY94: 42_57
A95: 1 | B95: 0 | C95: 0 | D95: 0 | E95: 1 | F95: 0 | G95: 0 | H95: 0 | I95: 0 | L95: 1 | M95: 0 | N95: 0 | O95: 0 | P95: 0 | Q95: 0 | R95: 0 | S95: 0 | T95: 1 | U95: 0 | V95: 0 | W95: 0 | X95: 0 | Y95: 0 | Z95: 0 | AL95: College graduate | AM95: Maybe | AN95: Maybe | AO95: Maybe | AP95: No | AQ95: Yes | AR95: Retired, not looking for work | AS95: Female | AT95: 0 | AU95: 0 | AV95: 0 | AW95: 1 | AX95: 0 | AY95: 58_76
A96: 0 | B96: 1 | C96: 0 | D96: 0 | E96: 1 | F96: 0 | G96: 0 | H96: 0 | I96: 0 | L96: 1 | M96: 0 | N96: 0 | O96: 0 | P96: 0 | Q96: 0 | R96: 0 | S96: 1 | T96: 0 | U96: 0 | V96: 0 | W96: 0 | X96: 0 | Y96: 0 | Z96: 0 | AL96: Graduate degree | AM96: No | AR96: Retired, not looking for work | AS96: Male | AT96: 1 | AU96: 0 | AV96: 0 | AW96: 0 | AX96: 0 | AY96: 77+
A97: 0 | B97: 1 | C97: 0 | D97: 0 | E97: 1 | F97: 0 | G97: 0 | H97: 0 | I97: 0 | L97: 0 | M97: 1 | N97: 0 | O97: 0 | P97: 0 | Q97: 0 | AA97: Not a reason | AB97: Main reason | AC97: Not a reason | AD97: Main reason | AE97: Not a reason | AF97: Not a reason | AG97: Not a reason | AH97: Not a reason | AI97: All weekdays | AJ97: Both Saturday and Sunday | AK97: Always (day and night) | AL97: Some college but no degree | AM97: Yes | AN97: No | AO97: Yes | AP97: No | AQ97: No | AR97: Disabled, not able to work | AS97: Female | AT97: 1 | AU97: 0 | AV97: 0 | AW97: 0 | AX97: 0 | AY97: 42_57
A98: 1 | B98: 1 | C98: 0 | D98: 0 | E98: 0 | F98: 1 | G98: 1 | H98: 0 | I98: 0 | J98: All weekdays | K98: Both Saturday and Sunday | L98: 0 | M98: 0 | N98: 0 | O98: 1 | P98: 0 | Q98: 0 | AA98: Not a reason | AB98: Main reason | AC98: Not a reason | AD98: Main reason | AE98: Secondary reason | AF98: Not applicable to my device(s) | AG98: Not a reason | AH98: Secondary reason | AI98: All weekdays | AJ98: Both Saturday and Sunday | AK98: Always (day and night) | AL98: Graduate degree | AM98: Maybe | AN98: Maybe | AO98: Yes | AP98: No | AQ98: Maybe | AR98: Not employed, but looking for work | AS98: Female | AT98: 1 | AU98: 0 | AV98: 0 | AW98: 0 | AX98: 0 | AY98: 26_41
A99: 0 | B99: 1 | C99: 0 | D99: 0 | E99: 1 | F99: 0 | G99: 0 | H99: 0 | I99: 0 | L99: 1 | M99: 0 | N99: 0 | O99: 0 | P99: 0 | Q99: 0 | R99: 0 | S99: 1 | T99: 0 | U99: 0 | V99: 0 | W99: 0 | X99: 0 | Y99: 0 | Z99: 0 | AL99: High school graduate | AM99: Maybe | AN99: Yes | AO99: Yes | AP99: Yes | AQ99: Yes | AR99: Disabled, not able to work | AS99: Female | AT99: 1 | AU99: 0 | AV99: 0 | AW99: 0 | AX99: 0 | AY99: 58_76
A100: 1 | B100: 0 | C100: 0 | D100: 0 | E100: 0 | F100: 1 | G100: 1 | H100: 1 | I100: 0 | J100: Some weekdays | K100: Varies from weekend to weekend | L100: 0 | M100: 0 | N100: 1 | O100: 0 | P100: 0 | Q100: 0 | AA100: Not a reason | AB100: Main reason | AC100: Secondary reason | AD100: Secondary reason | AE100: Secondary reason | AF100: Not applicable to my device(s) | AG100: Secondary reason | AH100: Not a reason | AI100: All weekdays | AJ100: Both Saturday and Sunday | AK100: Always (day and night) | AL100: College graduate | AM100: Maybe | AN100: Yes | AO100: Maybe | AP100: Yes | AQ100: Maybe | AR100: Employed full-time | AS100: Female | AT100: 1 | AU100: 0 | AV100: 0 | AW100: 0 | AX100: 0 | AY100: 42_57
...

Sheet Analysis_Female
B1: Wearable device usage by reason_Apps (social media, news, etc.) | C1: Wearable device usage by reason_Fitness and workout monitoring (heart rate, step tracking, jogging, etc.) | D1: Wearable device usage by reason_Sleep monitoring (sleep duration, sleep quality, etc.) | E1: Wearable device usage by reason_Health tracking (blood oxygen, heart rhythm, women's health such as ovulation tracking, etc.) | F1: Wearable device usage by reason_Phone calls, emails, texting | G1: Wearable device usage by reason_Music, audiobooks, or podcasts | H1: Wearable device usage by reason_Navigation (GPS) | I1: Wearable device usage by reason_Wear for fashion
B3: Secondary reason | C3: Main reason | D3: Not a reason | E3: Secondary reason | F3: Main reason | G3: Not a reason | H3: Not a reason | I3: Not a reason
B4: Not a reason | C4: Main reason | D4: Secondary reason | E4: Secondary reason | F4: Secondary reason | G4: Secondary reason | H4: Secondary reason | I4: Secondary reason
B5: Not applicable to my device(s) | C5: Main reason | D5: Secondary reason | E5: Main reason | F5: Not a reason | G5: Not applicable to my device(s) | H5: Not applicable to my device(s) | I5: Not a reason
B7: Not a reason | C7: Main reason | D7: Secondary reason | E7: Not a reason | F7: Not a reason | G7: Not a reason | H7: Not applicable to my device(s) | I7: Not a reason
B10: Secondary reason | C10: Secondary reason | D10: Not applicable to my device(s) | E10: Not a reason | F10: Main reason | G10: Not applicable to my device(s) | H10: Secondary reason | I10: Secondary reason
B11: Not a reason | C11: Main reason | D11: Secondary reason | E11: Secondary reason | F11: Not a reason | G11: Not a reason | H11: Secondary reason | I11: Not a reason
B12: Not applicable to my device(s) | C12: Main reason | D12: Secondary reason | E12: Secondary reason | F12: Not applicable to my device(s) | G12: Not applicable to my device(s) | H12: Not a reason | I12: Not a reason
B13: Secondary reason | C13: Secondary reason | D13: Not a reason | E13: Secondary reason | F13: Main reason | G13: Secondary reason | H13: Secondary reason | I13: Not a reason
B14: Secondary reason | C14: Main reason | D14: Not a reason | E14: Main reason | F14: Main reason | G14: Secondary reason | H14: Main reason | I14: Secondary reason
B15: Not applicable to my device(s) | C15: Main reason | D15: Main reason | E15: Not a reason | F15: Secondary reason | G15: Not applicable to my device(s) | H15: Not applicable to my device(s) | I15: Not a reason
B18: Not a reason | C18: Secondary reason | D18: Main reason | E18: Secondary reason | F18: Not a reason | G18: Not a reason | H18: Not a reason | I18: Not a reason
... B872: Not a reason | C872: Main reason | D872: Secondary reason | E872: Secondary reason | F872: Not a reason | G872: Not a reason | H872: Not a reason | I872: Not a reason
A873: Wearable device usage by reason_
B874: Apps (social media, news, etc.) | C874: Fitness and workout monitoring (heart rate, step tracking, jogging, etc.) | D874: Sleep monitoring (sleep duration, sleep quality, etc.) | E874: Health tracking (blood oxygen, heart rhythm, women's health such as ovulation tracking, etc.) | F874: Phone calls, emails, texting | G874: Music, audiobooks, or podcasts | H874: Navigation (GPS) | I874: Wear for fashion
A875: Main Reason | B875: =COUNTIF(B2:B872, "Main reason") -> 46 | C875: =COUNTIF(C2:C872, "Main reason") -> 358 | D875: =COUNTIF(D2:D872, "Main reason") -> 69 | E875: =COUNTIF(E2:E872, "Main reason") -> 150 | F875: =COUNTIF(F2:F872, "Main reason") -> 196 | G875: =COUNTIF(G2:G872, "Main reason") -> 30 | H875: =COUNTIF(H2:H872, "Main reason") -> 49 | I875: =COUNTIF(I2:I872, "Main reason") -> 28
A876: Secondary Reason | B876: =COUNTIF(B2:B872, "Secondary reason") -> 97 | C876: =COUNTIF(C2:C872, "Secondary reason") -> 125 | D876: =COUNTIF(D2:D872, "Secondary reason") -> 187 | E876: =COUNTIF(E2:E872, "Secondary reason") -> 185 | F876: =COUNTIF(F2:F872, "Secondary reason") -> 142 | G876: =COUNTIF(G2:G872, "Secondary reason") -> 104 | H876: =COUNTIF(H2:H872, "Secondary reason") -> 108 | I876: =COUNTIF(I2:I872, "Secondary reason") -> 74
A877: Not a Reason | B877: =COUNTIF(B2:B872, "Not a reason") -> 293 | C877: =COUNTIF(C2:C872, "Not a reason") -> 44 | D877: =COUNTIF(D2:D872, "Not a reason") -> 232 | E877: =COUNTIF(E2:E872, "Not a reason") -> 140 | F877: =COUNTIF(F2:F872, "Not a reason") -> 144 | G877: =COUNTIF(G2:G872, "Not a reason") -> 285 | H877: =COUNTIF(H2:H872, "Not a reason") -> 266 | I877: =COUNTIF(I2:I872, "Not a reason") -> 378
B880: Main Reason | C880: Secondary Reason | D880: Not a Reason | F880: Total Listed As Reason
A881: Apps (social media, news, etc.) | B881: 46 | C881: 97 | D881: 293 | F881: =sum(B881:C881) -> 143 | G881: 6
A882: Fitness and workout monitoring (heart rate, step tracking, jogging, etc.) | B882: 358 | C882: 125 | D882: 44 | F882: =sum(B882:C882) -> 483 | G882: 1
A883: Sleep monitoring (sleep duration, sleep quality, etc.) | B883: 69 | C883: 187 | D883: 232 | F883: =sum(B883:C883) -> 256 | G883: 4
A884: Health tracking (blood oxygen, heart rhythm, women's health such as ovulation tracking, etc.) | B884: 150 | C884: 185 | D884: 140 | F884: =sum(B884:C884) -> 335 | G884: 3
A885: Phone calls, emails, texting | B885: 196 | C885: 142 | D885: 144 | F885: =sum(B885:C885) -> 338 | G885: 2
A886: Music, audiobooks, or podcasts | B886: 30 | C886: 104 | D886: 285 | F886: =sum(B886:C886) -> 134 | G886: 7
A887: Navigation (GPS) | B887: 49 | C887: 108 | D887: 266 | F887: =sum(B887:C887) -> 157 | G887: 5
A888: Wear for fashion | B888: 28 | C888: 74 | D888: 378 | F888: =sum(B888:C888) -> 102 | G888: 8

Sheet Analysis_Whole
A1: I want one, I just don't have one yet | B1: =countif(Clean!R2:R1369, 1) -> 58
A2: No particular reason | B2: =countif(Clean!S2:S1369, 1) -> 125
A3: Too expensive | B3: =countif(Clean!T2:T1369, 1) -> 178
A4: Too hard to read | B4: =countif(Clean!U2:U1369, 1) -> 17
A5: Don't trust that they work correctly | B5: =countif(Clean!V2:V1369, 1) -> 38
A6: Don't know enough about them | B6: =countif(Clean!W2:W1369, 1) -> 54
A7: Not interested in tracking | B7: =countif(Clean!X2:X1369, 1) -> 127
A8: Privacy reasons | B8: =countif(Clean!Y2:Y1369, 1) -> 68
A9: Reasons fSome other reason not listed (please provide) | B9: =countif(Clean!Z2:Z1369, 1) -> 85
J21: Wearable device usage by reason
K22: Main Reason | L22: Secondary Reason | M22: Not a Reason
A23: Wearable device usage by reason_Apps (social media, news, etc.) | B23: Wearable device usage by reason_Fitness and workout monitoring (heart rate, step tracking, jogging, etc.) | C23: Wearable device usage by reason_Sleep monitoring (sleep duration, sleep quality, etc.) | D23: Wearable device usage by reason_Health tracking (blood oxygen, heart rhythm, women's health such as ovulation tracking, etc.) | E23: Wearable device usage by reason_Phone calls, emails, texting | F23: Wearable device usage by reason_Music, audiobooks, or podcasts | G23: Wearable device usage by reason_Navigation (GPS) | H23: Wearable device usage by reason_Wear for fashion | J23: Apps (social media, news, etc.) | K23: =COUNTIF(A24:A1391, "Main reason") -> 75 | L23: =COUNTIF(A24:A1391, "Secondary reason") -> 157 | M23: =COUNTIF(A24:A1391, "Not a reason") -> 430
J24: Fitness and workout monitoring (heart rate, step tracking, jogging, etc.) | K24: =COUNTIF(B24:B1391, "Main reason") -> 522 | L24: =COUNTIF(B24:B1391, "Secondary reason") -> 188 | M24: =COUNTIF(B24:B1391, "Not a reason") -> 75
A25: Secondary reason | B25: Main reason | C25: Not a reason | D25: Secondary reason | E25: Main reason | F25: Not a reason | G25: Not a reason | H25: Not a reason | J25: Sleep monitoring (sleep duration, sleep quality, etc.) | K25: =COUNTIF(C24:C1391, "Main reason") -> 126 | L25: =COUNTIF(C24:C1391, "Secondary reason") -> 265 | M25: =COUNTIF(C24:C1391, "Not a reason") -> 338
A26: Not a reason | B26: Main reason | C26: Secondary reason | D26: Secondary reason | E26: Main reason | F26: Not a reason | G26: Not applicable to my device(s) | H26: Secondary reason | J26: Health tracking (blood oxygen, heart rhythm, women's health such as ovulation tracking, etc.) | K26: =COUNTIF(D24:D1391, "Main reason") -> 228 | L26: =COUNTIF(D24:D1391, "Secondary reason") -> 272 | M26: =COUNTIF(D24:D1391, "Not a reason") -> 210
J27: Phone calls, emails, texting | K27: =COUNTIF(E24:E1391, "Main reason") -> 291 | L27: =COUNTIF(E24:E1391, "Secondary reason") -> 229 | M27: =COUNTIF(E24:E1391, "Not a reason") -> 200
A28: Not a reason | B28: Main reason | C28: Secondary reason | D28: Secondary reason | E28: Secondary reason | F28: Secondary reason | G28: Secondary reason | H28: Secondary reason | J28: Music, audiobooks, or podcasts | K28: =COUNTIF(F24:F1391, "Main reason") -> 50 | L28: =COUNTIF(F24:F1391, "Secondary reason") -> 161 | M28: =COUNTIF(F24:F1391, "Not a reason") -> 433
A29: Not applicable to my device(s) | B29: Main reason | C29: Secondary reason | D29: Main reason | E29: Not a reason | F29: Not applicable to my device(s) | G29: Not applicable to my device(s) | H29: Not a reason | J29: Navigation (GPS) | K29: =COUNTIF(G24:G1391, "Main reason") -> 72 | L29: =COUNTIF(G24:G1391, "Secondary reason") -> 187 | M29: =COUNTIF(G24:G1391, "Not a reason") -> 385
J30: Wear for fashion | K30: =COUNTIF(H24:H1391, "Main reason") -> 36 | L30: =COUNTIF(H24:H1391, "Secondary reason") -> 108 | M30: =COUNTIF(H24:H1391, "Not a reason") -> 568
A31: Not a reason | B31: Main reason | C31: Secondary reason | D31: Not a reason | E31: Not a reason | F31: Not a reason | G31: Not applicable to my device(s) | H31: Not a reason
A34: Secondary reason | B34: Secondary reason | C34: Not applicable to my device(s) | D34: Not a reason | E34: Main reason | F34: Not applicable to my device(s) | G34: Secondary reason | H34: Secondary reason
A35: Not a reason | B35: Main reason | C35: Secondary reason | D35: Secondary reason | E35: Not a reason | F35: Not a reason | G35: Secondary reason | H35: Not a reason
A36: Not applicable to my device(s) | B36: Main reason | C36: Secondary reason | D36: Secondary reason | E36: Not applicable to my device(s) | F36: Not applicable to my device(s) | G36: Not a reason | H36: Not a reason
A37: Secondary reason | B37: Secondary reason | C37: Not a reason | D37: Secondary reason | E37: Main reason | F37: Secondary reason | G37: Secondary reason | H37: Not a reason
A38: Secondary reason | B38: Main reason | C38: Not a reason | D38: Main reason | E38: Main reason | F38: Secondary reason | G38: Main reason | H38: Secondary reason
A39: Not applicable to my device(s) | B39: Main reason | C39: Main reason | D39: Not a reason | E39: Secondary reason | F39: Not applicable to my device(s) | G39: Not applicable to my device(s) | H39: Not a reason
A42: Not a reason | B42: Secondary reason | C42: Main reason | D42: Secondary reason | E42: Not a reason | F42: Not a reason | G42: Not a reason | H42: Not a reason
A44: Main reason | B44: Main reason | C44: Main reason | D44: Main reason | E44: Main reason | F44: Main reason | G44: Main reason | H44: Main reason
A49: Secondary reason | B49: Main reason | C49: Main reason | D49: Secondary reason | E49: Secondary reason | F49: Secondary reason | G49: Secondary reason | H49: Not a reason
A50: Not a reason | B50: Main reason | C50: Not a reason | D50: Main reason | E50: Not a reason | F50: Not a reason | G50: Not a reason | H50: Not a reason
A52: Not a reason | B52: Main reason | C52: Not a reason | D52: Main reason | E52: Secondary reason | F52: Not a reason | G52: Not a reason | H52: Secondary reason
... A1391: Not a reason | B1391: Not a reason | C1391: Main reason | D1391: Main reason | E1391: Not a reason | F1391: Not a reason | G1391: Not a reason | H1391: Not a reason
